Time,VoltageFL,VoltageFR,VoltageBL,VoltageBR
0,-1.8049,-2.49585,-2.49585,-1.8049
1,-1.79582,-2.49753,-2.49753,-1.79582
2,-1.78661,-2.49928,-2.49928,-1.78661
3,-1.77728,-2.50111,-2.50111,-1.77728
4,-1.76782,-2.50302,-2.50302,-1.76782
5,-1.75824,-2.50501,-2.50501,-1.75824
6,-1.74852,-2.50709,-2.50709,-1.74852
7,-1.73867,-2.50926,-2.50926,-1.73867
8,-1.72869,-2.51152,-2.51152,-1.72869
9,-1.71856,-2.51388,-2.51388,-1.71856
10,-1.7083,-2.51634,-2.51634,-1.7083
11,-1.69789,-2.5189,-2.5189,-1.69789
12,-1.68734,-2.52156,-2.52156,-1.68734
13,-1.67664,-2.52434,-2.52434,-1.67664
14,-1.66579,-2.52722,-2.52722,-1.66579
15,-1.65478,-2.53022,-2.53022,-1.65478
16,-1.64361,-2.53335,-2.53335,-1.64361
17,-1.63229,-2.53659,-2.53659,-1.63229
18,-1.6208,-2.53997,-2.53997,-1.6208
19,-1.60915,-2.54347,-2.54347,-1.60915
20,-1.59732,-2.54711,-2.54711,-1.59732
21,-1.58532,-2.5509,-2.5509,-1.58532
22,-1.57315,-2.55483,-2.55483,-1.57315
23,-1.56079,-2.55891,-2.55891,-1.56079
24,-1.54825,-2.56314,-2.56314,-1.54825
25,-1.53553,-2.56754,-2.56754,-1.53553
26,-1.52261,-2.57189,-2.57189,-1.52261
27,-1.50951,-2.57447,-2.57447,-1.50951
28,-1.4963,-2.57716,-2.57716,-1.4963
29,-1.48291,-2.57992,-2.57992,-1.48291
30,-1.46932,-2.58276,-2.58276,-1.46932
31,-1.45552,-2.58567,-2.58567,-1.45552
32,-1.44153,-2.58868,-2.58868,-1.44153
33,-1.42732,-2.59177,-2.59177,-1.42732
34,-1.4129,-2.59495,-2.59495,-1.4129
35,-1.39826,-2.59822,-2.59822,-1.39826
36,-1.38341,-2.60159,-2.60159,-1.38341
37,-1.36832,-2.60505,-2.60505,-1.36832
38,-1.35301,-2.60861,-2.60861,-1.35301
39,-1.33746,-2.61227,-2.61227,-1.33746
40,-1.32168,-2.61603,-2.61603,-1.32168
41,-1.30566,-2.61989,-2.61989,-1.30566
42,-1.28939,-2.62386,-2.62386,-1.28939
43,-1.27287,-2.62793,-2.62793,-1.27287
44,-1.2561,-2.63211,-2.63211,-1.2561
45,-1.23907,-2.6364,-2.6364,-1.23907
46,-1.22178,-2.64079,-2.64079,-1.22178
47,-1.20423,-2.64529,-2.64529,-1.20423
48,-1.18641,-2.64991,-2.64991,-1.18641
49,-1.16832,-2.65463,-2.65463,-1.16832
50,-1.14995,-2.65946,-2.65946,-1.14995
51,-1.13131,-2.6644,-2.6644,-1.13131
52,-1.11239,-2.66944,-2.66944,-1.11239
53,-1.09318,-2.6746,-2.6746,-1.09318
54,-1.07369,-2.67985,-2.67985,-1.07369
55,-1.05391,-2.68521,-2.68521,-1.05391
56,-1.03384,-2.69066,-2.69066,-1.03384
57,-1.01348,-2.69622,-2.69622,-1.01348
58,-0.992821,-2.70186,-2.70186,-0.992821
59,-0.957513,-2.70759,-2.70759,-0.957513
60,-0.863081,-2.71771,-2.71771,-0.863081
61,-0.639096,-2.74523,-2.74523,-0.639096
62,-0.131797,-2.80734,-2.80734,-0.131797
63,0.979215,-2.91225,-2.91225,0.979215
64,3.3165,-2.98893,-2.98893,3.3165
65,3.50569,-2.99864,-2.99864,3.50569
66,3.64888,-2.99803,-2.99803,3.64888
67,3.79311,-2.99752,-2.99752,3.79311
68,3.93864,-2.997,-2.997,3.93864
69,4.03548,-2.99648,-2.99648,4.03548
70,3.98172,-2.99596,-2.99596,3.98172
71,3.92953,-2.99543,-2.99543,3.92953
72,3.87887,-2.9949,-2.9949,3.87887
73,3.82969,-2.99437,-2.99437,3.82969
74,3.78194,-2.99384,-2.99384,3.78194
75,3.61276,-2.99331,-2.99331,3.61276
76,3.44813,-2.99276,-2.99276,3.44813
77,3.2934,-2.99222,-2.99222,3.2934
78,3.14797,-2.99166,-2.99166,3.14797
79,3.0113,-2.9911,-2.9911,3.0113
80,2.88283,-2.99053,-2.99053,2.88283
81,2.76209,-2.98995,-2.98995,2.76209
82,2.6486,-2.98936,-2.98936,2.6486
83,2.54193,-2.98876,-2.98876,2.54193
84,2.44166,-2.98814,-2.98814,2.44166
85,2.3474,-2.98751,-2.98751,2.3474
86,2.25879,-2.98686,-2.98686,2.25879
87,2.17549,-2.9862,-2.9862,2.17549
88,2.09717,-2.98552,-2.98552,2.09717
89,2.02354,-2.98483,-2.98483,2.02354
90,1.95432,-2.98412,-2.98412,1.95432
91,1.88923,-2.9834,-2.9834,1.88923
92,1.82803,-2.98266,-2.98266,1.82803
93,1.77048,-2.98191,-2.98191,1.77048
94,1.71637,-2.98114,-2.98114,1.71637
95,1.66548,-2.98036,-2.98036,1.66548
96,1.61762,-2.97957,-2.97957,1.61762
97,1.57261,-2.97877,-2.97877,1.57261
98,1.53028,-2.97797,-2.97797,1.53028
99,1.49046,-2.97715,-2.97715,1.49046
100,1.45301,-2.97633,-2.97633,1.45301
101,1.41778,-2.97551,-2.97551,1.41778
102,1.38464,-2.97469,-2.97469,1.38464
103,1.35347,-2.97386,-2.97386,1.35347
104,1.32414,-2.97303,-2.97303,1.32414
105,1.29654,-2.97221,-2.97221,1.29654
106,1.27058,-2.97139,-2.97139,1.27058
107,1.24615,-2.97057,-2.97057,1.24615
108,1.22316,-2.96975,-2.96975,1.22316
109,1.20152,-2.96894,-2.96894,1.20152
110,1.18115,-2.96814,-2.96814,1.18115
111,1.16199,-2.96734,-2.96734,1.16199
112,1.14394,-2.96655,-2.96655,1.14394
113,1.12696,-2.96577,-2.96577,1.12696
114,1.11097,-2.96499,-2.96499,1.11097
115,1.09591,-2.96423,-2.96423,1.09591
116,1.08173,-2.96347,-2.96347,1.08173
117,1.06837,-2.96272,-2.96272,1.06837
118,1.05579,-2.96198,-2.96198,1.05579
119,1.04393,-2.96125,-2.96125,1.04393
120,1.03277,-2.96052,-2.96052,1.03277
121,1.02224,-2.95981,-2.95981,1.02224
122,1.01232,-2.95911,-2.95911,1.01232
123,1.00297,-2.95841,-2.95841,1.00297
124,0.994147,-2.95772,-2.95772,0.994147
125,0.974122,-2.95704,-2.95704,0.974122
126,0.926573,-2.95611,-2.95611,0.926573
127,0.825674,-2.95452,-2.95452,0.825674
128,0.621425,-2.95132,-2.95132,0.621425
129,0.216391,-2.94349,-2.94349,0.216391
130,-0.583304,-2.91722,-2.91722,-0.583304
131,-2.19453,-2.78373,-2.78373,-2.19453
132,-3.09586,-2.41739,-2.41739,-3.09586
133,-2.97945,-2.38415,-2.38415,-2.97945
134,-2.83429,-2.38737,-2.38737,-2.83429
135,-2.69487,-2.3908,-2.3908,-2.69487
136,-2.56335,-2.39518,-2.39518,-2.56335
137,-2.43919,-2.40051,-2.40051,-2.43919
138,-2.32188,-2.4069,-2.4069,-2.32188
139,-2.21096,-2.41442,-2.41442,-2.21096
140,-2.106,-2.42309,-2.42309,-2.106
141,-2.00662,-2.43294,-2.43294,-2.00662
142,-1.91249,-2.44394,-2.44394,-1.91249
143,-1.82332,-2.45602,-2.45602,-1.82332
144,-1.73885,-2.46911,-2.46911,-1.73885
145,-1.65886,-2.48305,-2.48305,-1.65886
146,-1.58317,-2.49769,-2.49769,-1.58317
147,-1.51161,-2.51286,-2.51286,-1.51161
148,-1.44405,-2.52835,-2.52835,-1.44405
149,-1.38034,-2.54397,-2.54397,-1.38034
150,-1.32037,-2.55952,-2.55952,-1.32037
151,-1.26401,-2.57483,-2.57483,-1.26401
152,-1.21114,-2.58974,-2.58974,-1.21114
153,-1.16162,-2.60411,-2.60411,-1.16162
154,-1.11532,-2.61785,-2.61785,-1.11532
155,-1.07208,-2.63088,-2.63088,-1.07208
156,-1.03175,-2.64315,-2.64315,-1.03175
157,-0.99417,-2.65465,-2.65465,-0.99417
158,-0.947534,-2.66537,-2.66537,-0.947534
159,-0.820455,-2.67881,-2.67881,-0.820455
160,-0.526295,-2.71578,-2.71578,-0.526295
161,0.111269,-2.7938,-2.7938,0.111269
162,1.42579,-2.90108,-2.90108,1.42579
163,3.16251,-2.95308,-2.95308,3.16251
164,3.0261,-2.95647,-2.95647,3.0261
165,2.89451,-2.95589,-2.95589,2.89451
166,2.77074,-2.95534,-2.95534,2.77074
167,2.65441,-2.95479,-2.95479,2.65441
168,2.54506,-2.95422,-2.95422,2.54506
169,2.44227,-2.95363,-2.95363,2.44227
170,2.34565,-2.95303,-2.95303,2.34565
171,2.25483,-2.95242,-2.95242,2.25483
172,2.16945,-2.95179,-2.95179,2.16945
173,2.08918,-2.95114,-2.95114,2.08918
174,2.01372,-2.95047,-2.95047,2.01372
175,1.94277,-2.94979,-2.94979,1.94277
176,1.87606,-2.94909,-2.94909,1.87606
177,1.81334,-2.94838,-2.94838,1.81334
178,1.75437,-2.94765,-2.94765,1.75437
179,1.69891,-2.9469,-2.9469,1.69891
180,1.64676,-2.94614,-2.94614,1.64676
181,1.59772,-2.94537,-2.94537,1.59772
182,1.55159,-2.94459,-2.94459,1.55159
183,1.50822,-2.94379,-2.94379,1.50822
184,1.46742,-2.94299,-2.94299,1.46742
185,1.42905,-2.94219,-2.94219,1.42905
186,1.39296,-2.94138,-2.94138,1.39296
187,1.359,-2.94056,-2.94056,1.359
188,1.32707,-2.93975,-2.93975,1.32707
189,1.29702,-2.93893,-2.93893,1.29702
190,1.26875,-2.93811,-2.93811,1.26875
191,1.24216,-2.9373,-2.9373,1.24216
192,1.21714,-2.93649,-2.93649,1.21714
193,1.19359,-2.93568,-2.93568,1.19359
194,1.17144,-2.93488,-2.93488,1.17144
195,1.15059,-2.93408,-2.93408,1.15059
196,1.13096,-2.9333,-2.9333,1.13096
197,1.11249,-2.93252,-2.93252,1.11249
198,1.09511,-2.93174,-2.93174,1.09511
199,1.07874,-2.93098,-2.93098,1.07874
200,1.06333,-2.93022,-2.93022,1.06333
201,1.04882,-2.92947,-2.92947,1.04882
202,1.03516,-2.92874,-2.92874,1.03516
203,1.02229,-2.92801,-2.92801,1.02229
204,1.01017,-2.92729,-2.92729,1.01017
205,0.998747,-2.92658,-2.92658,0.998747
206,0.985482,-2.92588,-2.92588,0.985482
207,0.948888,-2.92514,-2.92514,0.948888
208,0.867014,-2.92385,-2.92385,0.867014
209,0.697398,-2.92133,-2.92133,0.697398
210,0.35752,-2.91542,-2.91542,0.35752
211,-0.315396,-2.89726,-2.89726,-0.315396
212,-1.66103,-2.81264,-2.81264,-1.66103
213,-3.11203,-2.46136,-2.46136,-3.11203
214,-3.03231,-2.35107,-2.35107,-3.03231
215,-2.89137,-2.35597,-2.35597,-2.89137
216,-2.75077,-2.35889,-2.35889,-2.75077
217,-2.61829,-2.36287,-2.36287,-2.61829
218,-2.49326,-2.36773,-2.36773,-2.49326
219,-2.37517,-2.37357,-2.37357,-2.37517
220,-2.26355,-2.38045,-2.38045,-2.26355
221,-2.15799,-2.38843,-2.38843,-2.15799
222,-2.05808,-2.39752,-2.39752,-2.05808
223,-1.96348,-2.40771,-2.40771,-1.96348
224,-1.87389,-2.41895,-2.41895,-1.87389
225,-1.78903,-2.43118,-2.43118,-1.78903
226,-1.70868,-2.44428,-2.44428,-1.70868
227,-1.63263,-2.45811,-2.45811,-1.63263
228,-1.56071,-2.47251,-2.47251,-1.56071
229,-1.49277,-2.48731,-2.48731,-1.49277
230,-1.42867,-2.50232,-2.50232,-1.42867
231,-1.36827,-2.51736,-2.51736,-1.36827
232,-1.31147,-2.53225,-2.53225,-1.31147
233,-1.25812,-2.54685,-2.54685,-1.25812
234,-1.20809,-2.56102,-2.56102,-1.20809
235,-1.16127,-2.57464,-2.57464,-1.16127
236,-1.11749,-2.58764,-2.58764,-1.11749
237,-1.07662,-2.59995,-2.59995,-1.07662
238,-1.03851,-2.61154,-2.61154,-1.03851
239,-1.003,-2.6224,-2.6224,-1.003
240,-0.969952,-2.63253,-2.63253,-0.969952
241,-0.879109,-2.64194,-2.64194,-0.879109
242,-0.662335,-2.66852,-2.66852,-0.662335
243,-0.185026,-2.7292,-2.7292,-0.185026
244,0.816197,-2.83179,-2.83179,0.816197
245,2.81514,-2.91257,-2.91257,2.81514
246,3.06407,-2.92619,-2.92619,3.06407
247,2.92841,-2.92567,-2.92567,2.92841
248,2.8005,-2.92516,-2.92516,2.8005
249,2.68027,-2.92463,-2.92463,2.68027
250,2.56726,-2.9241,-2.9241,2.56726
251,2.46104,-2.92355,-2.92355,2.46104
252,2.36119,-2.92298,-2.92298,2.36119
253,2.26734,-2.92239,-2.92239,2.26734
254,2.17911,-2.92179,-2.92179,2.17911
255,2.09617,-2.92117,-2.92117,2.09617
256,2.01819,-2.92053,-2.92053,2.01819
257,1.94488,-2.91988,-2.91988,1.94488
258,1.87596,-2.9192,-2.9192,1.87596
259,1.81115,-2.91851,-2.91851,1.81115
260,1.75022,-2.9178,-2.9178,1.75022
261,1.69292,-2.91707,-2.91707,1.69292
262,1.63904,-2.91633,-2.91633,1.63904
263,1.58838,-2.91558,-2.91558,1.58838
264,1.54073,-2.91481,-2.91481,1.54073
265,1.49592,-2.91403,-2.91403,1.49592
266,1.45378,-2.91324,-2.91324,1.45378
267,1.41414,-2.91244,-2.91244,1.41414
268,1.37686,-2.91164,-2.91164,1.37686
269,1.3418,-2.91084,-2.91084,1.3418
270,1.30881,-2.91003,-2.91003,1.30881
271,1.27778,-2.90922,-2.90922,1.27778
272,1.24859,-2.90841,-2.90841,1.24859
273,1.22113,-2.9076,-2.9076,1.22113
274,1.1953,-2.90679,-2.90679,1.1953
275,1.17099,-2.90599,-2.90599,1.17099
276,1.14811,-2.90519,-2.90519,1.14811
277,1.12659,-2.9044,-2.9044,1.12659
278,1.10634,-2.90361,-2.90361,1.10634
279,1.08727,-2.90284,-2.90284,1.08727
280,1.06933,-2.90207,-2.90207,1.06933
281,1.05244,-2.90131,-2.90131,1.05244
282,1.03655,-2.90056,-2.90056,1.03655
283,1.02158,-2.89982,-2.89982,1.02158
284,1.00749,-2.89908,-2.89908,1.00749
285,0.994219,-2.89836,-2.89836,0.994219
286,0.970161,-2.89765,-2.89765,0.970161
287,0.910614,-2.89669,-2.89669,0.910614
288,0.782248,-2.89485,-2.89485,0.782248
289,0.52045,-2.89078,-2.89078,0.52045
290,-0.00120356,-2.87955,-2.87955,-0.00120356
291,-1.03849,-2.83496,-2.83496,-1.03849
292,-3.08726,-2.59532,-2.59532,-3.08726
293,-3.08398,-2.32009,-2.32009,-3.08398
294,-2.95158,-2.32818,-2.32818,-2.95158
295,-2.80933,-2.3305,-2.3305,-2.80933
296,-2.67555,-2.33412,-2.33412,-2.67555
297,-2.5493,-2.33854,-2.33854,-2.5493
298,-2.43011,-2.34386,-2.34386,-2.43011
299,-2.31751,-2.35015,-2.35015,-2.31751
300,-2.21106,-2.35748,-2.35748,-2.21106
301,-2.11035,-2.36586,-2.36586,-2.11035
302,-2.01503,-2.37529,-2.37529,-2.01503
303,-1.92477,-2.38575,-2.38575,-1.92477
304,-1.83931,-2.39717,-2.39717,-1.83931
305,-1.75838,-2.40947,-2.40947,-1.75838
306,-1.68179,-2.42253,-2.42253,-1.68179
307,-1.60933,-2.4362,-2.4362,-1.60933
308,-1.54086,-2.45032,-2.45032,-1.54086
309,-1.47621,-2.46473,-2.46473,-1.47621
310,-1.41527,-2.47926,-2.47926,-1.41527
311,-1.35789,-2.49375,-2.49375,-1.35789
312,-1.30395,-2.50802,-2.50802,-1.30395
313,-1.25332,-2.52196,-2.52196,-1.25332
314,-1.20588,-2.53545,-2.53545,-1.20588
315,-1.16149,-2.54839,-2.54839,-1.16149
316,-1.12,-2.56071,-2.56071,-1.12
317,-1.08127,-2.57237,-2.57237,-1.08127
318,-1.04517,-2.58335,-2.58335,-1.04517
319,-1.01153,-2.59363,-2.59363,-1.01153
320,-0.980212,-2.60323,-2.60323,-0.980212
321,-0.911503,-2.61214,-2.61214,-0.911503
322,-0.742694,-2.63222,-2.63222,-0.742694
323,-0.366234,-2.68056,-2.68056,-0.366234
324,0.432862,-2.77193,-2.77193,0.432862
325,2.04952,-2.86942,-2.86942,2.04952
326,3.10269,-2.89853,-2.89853,3.10269
327,2.96373,-2.89888,-2.89888,2.96373
328,2.83178,-2.89839,-2.89839,2.83178
329,2.70774,-2.8979,-2.8979,2.70774
330,2.59115,-2.89739,-2.89739,2.59115
331,2.48157,-2.89686,-2.89686,2.48157
332,2.37857,-2.89633,-2.89633,2.37857
333,2.28174,-2.89577,-2.89577,2.28174
334,2.19073,-2.89519,-2.89519,2.19073
335,2.10517,-2.8946,-2.8946,2.10517
336,2.02473,-2.89399,-2.89399,2.02473
337,1.94912,-2.89335,-2.89335,1.94912
338,1.87802,-2.8927,-2.8927,1.87802
339,1.81118,-2.89203,-2.89203,1.81118
340,1.74833,-2.89134,-2.89134,1.74833
341,1.68923,-2.89063,-2.89063,1.68923
342,1.63367,-2.8899,-2.8899,1.63367
343,1.58141,-2.88916,-2.88916,1.58141
344,1.53227,-2.88841,-2.88841,1.53227
345,1.48606,-2.88764,-2.88764,1.48606
346,1.4426,-2.88686,-2.88686,1.4426
347,1.40173,-2.88607,-2.88607,1.40173
348,1.36329,-2.88528,-2.88528,1.36329
349,1.32713,-2.88448,-2.88448,1.32713
350,1.29312,-2.88367,-2.88367,1.29312
351,1.26113,-2.88287,-2.88287,1.26113
352,1.23103,-2.88206,-2.88206,1.23103
353,1.20272,-2.88125,-2.88125,1.20272
354,1.17609,-2.88045,-2.88045,1.17609
355,1.15103,-2.87965,-2.87965,1.15103
356,1.12745,-2.87885,-2.87885,1.12745
357,1.10527,-2.87806,-2.87806,1.10527
358,1.0844,-2.87728,-2.87728,1.0844
359,1.06475,-2.8765,-2.8765,1.06475
360,1.04627,-2.87573,-2.87573,1.04627
361,1.02887,-2.87497,-2.87497,1.02887
362,1.01249,-2.87423,-2.87423,1.01249
363,0.997078,-2.87349,-2.87349,0.997078
364,0.976722,-2.87276,-2.87276,0.976722
365,0.92252,-2.87191,-2.87191,0.92252
366,0.802642,-2.87024,-2.87024,0.802642
367,0.555421,-2.86654,-2.86654,0.555421
368,0.0603757,-2.85646,-2.85646,0.0603757
369,-0.924981,-2.81753,-2.81753,-0.924981
370,-2.93962,-2.60444,-2.60444,-2.93962
371,-3.10835,-2.29781,-2.29781,-3.10835
372,-2.98009,-2.30349,-2.30349,-2.98009
373,-2.83823,-2.3057,-2.3057,-2.83823
374,-2.70465,-2.30913,-2.30913,-2.70465
375,-2.57861,-2.31332,-2.31332,-2.57861
376,-2.45966,-2.31836,-2.31836,-2.45966
377,-2.3473,-2.32433,-2.32433,-2.3473
378,-2.2411,-2.33128,-2.33128,-2.2411
379,-2.14066,-2.33923,-2.33923,-2.14066
380,-2.04562,-2.34819,-2.34819,-2.04562
381,-1.95565,-2.35813,-2.35813,-1.95565
382,-1.87047,-2.369,-2.369,-1.87047
383,-1.78984,-2.38073,-2.38073,-1.78984
384,-1.71351,-2.39321,-2.39321,-1.71351
385,-1.64132,-2.4063,-2.4063,-1.64132
386,-1.57308,-2.41987,-2.41987,-1.57308
387,-1.50864,-2.43375,-2.43375,-1.50864
388,-1.44786,-2.44779,-2.44779,-1.44786
389,-1.39062,-2.46183,-2.46183,-1.39062
390,-1.33678,-2.47573,-2.47573,-1.33678
391,-1.28622,-2.48934,-2.48934,-1.28622
392,-1.23881,-2.50256,-2.50256,-1.23881
393,-1.19441,-2.5153,-2.5153,-1.19441
394,-1.15289,-2.52747,-2.52747,-1.15289
395,-1.11411,-2.53904,-2.53904,-1.11411
396,-1.07793,-2.54996,-2.54996,-1.07793
397,-1.0442,-2.56022,-2.56022,-1.0442
398,-1.01279,-2.56982,-2.56982,-1.01279
399,-0.983549,-2.57878,-2.57878,-0.983549
400,-0.923443,-2.5871,-2.5871,-0.923443
401,-0.774355,-2.60465,-2.60465,-0.774355
402,-0.440515,-2.64765,-2.64765,-0.440515
403,0.271088,-2.73216,-2.73216,0.271088
404,1.71983,-2.83416,-2.83416,1.71983
405,3.1136,-2.87332,-2.87332,3.1136
406,2.97312,-2.87479,-2.87479,2.97312
407,2.83884,-2.87431,-2.87431,2.83884
408,2.71259,-2.87384,-2.87384,2.71259
409,2.59392,-2.87335,-2.87335,2.59392
410,2.48239,-2.87285,-2.87285,2.48239
411,2.37755,-2.87233,-2.87233,2.37755
412,2.27901,-2.8718,-2.8718,2.27901
413,2.18637,-2.87125,-2.87125,2.18637
414,2.09929,-2.87067,-2.87067,2.09929
415,2.01743,-2.87008,-2.87008,2.01743
416,1.94047,-2.86946,-2.86946,1.94047
417,1.86812,-2.86882,-2.86882,1.86812
418,1.80009,-2.86817,-2.86817,1.80009
419,1.73613,-2.86749,-2.86749,1.73613
420,1.67599,-2.86679,-2.86679,1.67599
421,1.61944,-2.86608,-2.86608,1.61944
422,1.56627,-2.86535,-2.86535,1.56627
423,1.51626,-2.8646,-2.8646,1.51626
424,1.46924,-2.86384,-2.86384,1.46924
425,1.42501,-2.86307,-2.86307,1.42501
426,1.38342,-2.86228,-2.86228,1.38342
427,1.34431,-2.86149,-2.86149,1.34431
428,1.30751,-2.86069,-2.86069,1.30751
429,1.27291,-2.85989,-2.85989,1.27291
430,1.24036,-2.85909,-2.85909,1.24036
431,1.20974,-2.85828,-2.85828,1.20974
432,1.18094,-2.85747,-2.85747,1.18094
433,1.15384,-2.85667,-2.85667,1.15384
434,1.12835,-2.85587,-2.85587,1.12835
435,1.10437,-2.85507,-2.85507,1.10437
436,1.08181,-2.85428,-2.85428,1.08181
437,1.06058,-2.8535,-2.8535,1.06058
438,1.0406,-2.85272,-2.85272,1.0406
439,1.0218,-2.85196,-2.85196,1.0218
440,1.00411,-2.8512,-2.8512,1.00411
441,0.987462,-2.85045,-2.85045,0.987462
442,0.946713,-2.84971,-2.84971,0.946713
443,0.851195,-2.84841,-2.84841,0.851195
444,0.649467,-2.84558,-2.84558,0.649467
445,0.241396,-2.83831,-2.83831,0.241396
446,-0.571908,-2.81315,-2.81315,-0.571908
447,-2.2174,-2.68052,-2.68052,-2.2174
448,-3.15054,-2.30973,-2.30973,-3.15054
449,-3.0417,-2.27966,-2.27966,-3.0417
450,-2.90086,-2.2827,-2.2827,-2.90086
451,-2.76536,-2.28569,-2.28569,-2.76536
452,-2.63762,-2.28949,-2.28949,-2.63762
453,-2.5171,-2.29407,-2.29407,-2.5171
454,-2.4033,-2.29952,-2.29952,-2.4033
455,-2.29579,-2.30588,-2.30588,-2.29579
456,-2.19415,-2.3132,-2.3132,-2.19415
457,-2.098,-2.32149,-2.32149,-2.098
458,-2.00702,-2.33073,-2.33073,-2.00702
459,-1.9209,-2.34089,-2.34089,-1.9209
460,-1.83938,-2.3519,-2.3519,-1.83938
461,-1.76222,-2.36366,-2.36366,-1.76222
462,-1.68922,-2.37608,-2.37608,-1.68922
463,-1.62021,-2.38902,-2.38902,-1.62021
464,-1.55501,-2.40234,-2.40234,-1.55501
465,-1.49348,-2.41589,-2.41589,-1.49348
466,-1.43549,-2.42951,-2.42951,-1.43549
467,-1.3809,-2.44307,-2.44307,-1.3809
468,-1.32959,-2.45644,-2.45644,-1.32959
469,-1.28143,-2.46949,-2.46949,-1.28143
470,-1.23629,-2.48213,-2.48213,-1.23629
471,-1.19404,-2.49427,-2.49427,-1.19404
472,-1.15453,-2.50586,-2.50586,-1.15453
473,-1.11764,-2.51686,-2.51686,-1.11764
474,-1.08323,-2.52724,-2.52724,-1.08323
475,-1.05115,-2.537,-2.537,-1.05115
476,-1.02128,-2.54613,-2.54613,-1.02128
477,-0.993467,-2.55464,-2.55464,-0.993467
478,-0.954527,-2.56256,-2.56256,-0.954527
479,-0.851158,-2.57382,-2.57382,-0.851158
480,-0.613859,-2.60402,-2.60402,-0.613859
481,-0.10009,-2.66917,-2.66917,-0.10009
482,0.966206,-2.77198,-2.77198,0.966206
483,3.0801,-2.84337,-2.84337,3.0801
484,3.01167,-2.85325,-2.85325,3.01167
485,2.87365,-2.8527,-2.8527,2.87365
486,2.74363,-2.85225,-2.85225,2.74363
487,2.62143,-2.85179,-2.85179,2.62143
488,2.50658,-2.85132,-2.85132,2.50658
489,2.39863,-2.85083,-2.85083,2.39863
490,2.29715,-2.85031,-2.85031,2.29715
491,2.20177,-2.84978,-2.84978,2.20177
492,2.1121,-2.84923,-2.84923,2.1121
493,2.02781,-2.84866,-2.84866,2.02781
494,1.94857,-2.84806,-2.84806,1.94857
495,1.87408,-2.84745,-2.84745,1.87408
496,1.80404,-2.84681,-2.84681,1.80404
497,1.73819,-2.84614,-2.84614,1.73819
498,1.67627,-2.84546,-2.84546,1.67627
499,1.61805,-2.84476,-2.84476,1.61805
500,1.56331,-2.84404,-2.84404,1.56331
501,1.51183,-2.8433,-2.8433,1.51183
502,1.46342,-2.84255,-2.84255,1.46342
503,1.4179,-2.84178,-2.84178,1.4179
504,1.37508,-2.84101,-2.84101,1.37508
505,1.33482,-2.84022,-2.84022,1.33482
506,1.29695,-2.83942,-2.83942,1.29695
507,1.26133,-2.83862,-2.83862,1.26133
508,1.22782,-2.83782,-2.83782,1.22782
509,1.19631,-2.83701,-2.83701,1.19631
510,1.16667,-2.8362,-2.8362,1.16667
511,1.13878,-2.83539,-2.83539,1.13878
512,1.11255,-2.83459,-2.83459,1.11255
513,1.08788,-2.83379,-2.83379,1.08788
514,1.06466,-2.833,-2.833,1.06466
515,1.04282,-2.83221,-2.83221,1.04282
516,1.02226,-2.83143,-2.83143,1.02226
517,1.00293,-2.83066,-2.83066,1.00293
518,0.984727,-2.8299,-2.8299,0.984727
519,0.937057,-2.82915,-2.82915,0.937057
520,0.826483,-2.8277,-2.8277,0.826483
521,0.593907,-2.82441,-2.82441,0.593907
522,0.124047,-2.81547,-2.81547,0.124047
523,-0.813951,-2.78171,-2.78171,-0.813951
524,-2.72831,-2.59438,-2.59438,-2.72831
525,-3.14302,-2.26092,-2.26092,-3.14302
526,-3.02176,-2.26112,-2.26112,-3.02176
527,-2.88127,-2.26328,-2.26328,-2.88127
528,-2.74857,-2.26644,-2.26644,-2.74857
529,-2.6234,-2.2703,-2.2703,-2.6234
530,-2.50529,-2.27493,-2.27493,-2.50529
531,-2.39378,-2.28041,-2.28041,-2.39378
532,-2.28843,-2.28678,-2.28678,-2.28843
533,-2.18883,-2.29407,-2.29407,-2.18883
534,-2.09463,-2.30229,-2.30229,-2.09463
535,-2.00549,-2.31141,-2.31141,-2.00549
536,-1.92113,-2.32141,-2.32141,-1.92113
537,-1.84129,-2.3322,-2.3322,-1.84129
538,-1.76573,-2.34372,-2.34372,-1.76573
539,-1.69427,-2.35584,-2.35584,-1.69427
540,-1.62671,-2.36844,-2.36844,-1.62671
541,-1.5629,-2.38139,-2.38139,-1.5629
542,-1.5027,-2.39454,-2.39454,-1.5027
543,-1.44596,-2.40777,-2.40777,-1.44596
544,-1.39255,-2.42092,-2.42092,-1.39255
545,-1.34236,-2.43389,-2.43389,-1.34236
546,-1.29524,-2.44655,-2.44655,-1.29524
547,-1.25107,-2.45882,-2.45882,-1.25107
548,-1.20971,-2.47062,-2.47062,-1.20971
549,-1.17105,-2.48189,-2.48189,-1.17105
550,-1.13493,-2.4926,-2.4926,-1.13493
551,-1.10123,-2.50272,-2.50272,-1.10123
552,-1.06981,-2.51224,-2.51224,-1.06981
553,-1.04054,-2.52116,-2.52116,-1.04054
554,-1.01329,-2.5295,-2.5295,-1.01329
555,-0.987925,-2.53726,-2.53726,-0.987925
556,-0.94513,-2.54448,-2.54448,-0.94513
557,-0.848763,-2.55692,-2.55692,-0.848763
558,-0.638227,-2.58499,-2.58499,-0.638227
559,-0.185721,-2.64311,-2.64311,-0.185721
560,0.7664,-2.73912,-2.73912,0.7664
561,2.68414,-2.81835,-2.81835,2.68414
562,3.03272,-2.83337,-2.83337,3.03272
563,2.89213,-2.83297,-2.83297,2.89213
564,2.75944,-2.83254,-2.83254,2.75944
565,2.63472,-2.8321,-2.8321,2.63472
566,2.51751,-2.83165,-2.83165,2.51751
567,2.40733,-2.83117,-2.83117,2.40733
568,2.30377,-2.83068,-2.83068,2.30377
569,2.20643,-2.83017,-2.83017,2.20643
570,2.11493,-2.82964,-2.82964,2.11493
571,2.02891,-2.82908,-2.82908,2.02891
572,1.94805,-2.8285,-2.8285,1.94805
573,1.87202,-2.8279,-2.8279,1.87202
574,1.80055,-2.82727,-2.82727,1.80055
575,1.73335,-2.82662,-2.82662,1.73335
576,1.67017,-2.82595,-2.82595,1.67017
577,1.61076,-2.82526,-2.82526,1.61076
578,1.5549,-2.82455,-2.82455,1.5549
579,1.50238,-2.82382,-2.82382,1.50238
580,1.45298,-2.82307,-2.82307,1.45298
581,1.40653,-2.82231,-2.82231,1.40653
582,1.36285,-2.82153,-2.82153,1.36285
583,1.32176,-2.82075,-2.82075,1.32176
584,1.28312,-2.81995,-2.81995,1.28312
585,1.24678,-2.81915,-2.81915,1.24678
586,1.2126,-2.81834,-2.81834,1.2126
587,1.18045,-2.81753,-2.81753,1.18045
588,1.15021,-2.81672,-2.81672,1.15021
589,1.12177,-2.81591,-2.81591,1.12177
590,1.09501,-2.8151,-2.8151,1.09501
591,1.06984,-2.8143,-2.8143,1.06984
592,1.04616,-2.8135,-2.8135,1.04616
593,1.02388,-2.81271,-2.81271,1.02388
594,1.00292,-2.81193,-2.81193,1.00292
595,0.983197,-2.81116,-2.81116,0.983197
596,0.931033,-2.81039,-2.81039,0.931033
597,0.810215,-2.80885,-2.80885,0.810215
598,0.556212,-2.80523,-2.80523,0.556212
599,0.0429605,-2.79503,-2.79503,0.0429605
600,-0.983582,-2.75412,-2.75412,-0.983582
601,-3.09051,-2.52568,-2.52568,-3.09051
602,-3.13476,-2.23443,-2.23443,-3.13476
603,-3.00981,-2.24354,-2.24354,-3.00981
604,-2.87076,-2.24545,-2.24545,-2.87076
605,-2.74019,-2.24867,-2.24867,-2.74019
606,-2.61703,-2.25254,-2.25254,-2.61703
607,-2.50081,-2.25718,-2.25718,-2.50081
608,-2.39109,-2.26264,-2.26264,-2.39109
609,-2.28742,-2.26896,-2.26896,-2.28742
610,-2.18943,-2.27616,-2.27616,-2.18943
611,-2.09675,-2.28425,-2.28425,-2.09675
612,-2.00907,-2.29321,-2.29321,-2.00907
613,-1.9261,-2.30301,-2.30301,-1.9261
614,-1.84758,-2.31356,-2.31356,-1.84758
615,-1.7733,-2.3248,-2.3248,-1.7733
616,-1.70305,-2.33661,-2.33661,-1.70305
617,-1.63664,-2.34887,-2.34887,-1.63664
618,-1.57393,-2.36146,-2.36146,-1.57393
619,-1.51477,-2.37425,-2.37425,-1.51477
620,-1.45901,-2.3871,-2.3871,-1.45901
621,-1.40653,-2.39989,-2.39989,-1.40653
622,-1.3572,-2.41249,-2.41249,-1.3572
623,-1.31088,-2.42481,-2.42481,-1.31088
624,-1.26746,-2.43675,-2.43675,-1.26746
625,-1.2268,-2.44825,-2.44825,-1.2268
626,-1.18878,-2.45925,-2.45925,-1.18878
627,-1.15325,-2.46972,-2.46972,-1.15325
628,-1.12009,-2.47962,-2.47962,-1.12009
629,-1.08916,-2.48895,-2.48895,-1.08916
630,-1.06176,-2.49771,-2.49771,-1.06176
631,-1.0519,-2.50548,-2.50548,-1.0519
632,-1.04493,-2.50805,-2.50805,-1.04493
633,-1.03885,-2.5099,-2.5099,-1.03885
634,-1.03312,-2.5115,-2.5115,-1.03312
635,-1.02761,-2.51301,-2.51301,-1.02761
636,-1.0223,-2.51445,-2.51445,-1.0223
637,-1.01717,-2.51583,-2.51583,-1.01717
638,-1.01221,-2.51716,-2.51716,-1.01221
639,-1.00743,-2.51844,-2.51844,-1.00743
640,-1.00281,-2.51966,-2.51966,-1.00281
641,-0.998356,-2.52084,-2.52084,-0.998356
642,-0.990767,-2.52197,-2.52197,-0.990767
643,-0.970976,-2.52404,-2.52404,-0.970976
644,-0.925192,-2.52975,-2.52975,-0.925192
645,-0.823908,-2.54311,-2.54311,-0.823908
646,-0.604277,-2.57247,-2.57247,-0.604277
647,-0.134209,-2.63215,-2.63215,-0.134209
648,0.851154,-2.72745,-2.72745,0.851154
649,2.84724,-2.80108,-2.80108,2.84724
650,3.11736,-2.81368,-2.81368,3.11736
651,3.01243,-2.81325,-2.81325,3.01243
652,2.87091,-2.81287,-2.81287,2.87091
653,2.7379,-2.81246,-2.81246,2.7379
654,2.61289,-2.81204,-2.81204,2.61289
655,2.49539,-2.8116,-2.8116,2.49539
656,2.38495,-2.81114,-2.81114,2.38495
657,2.28115,-2.81066,-2.81066,2.28115
658,2.18358,-2.81017,-2.81017,2.18358
659,2.09185,-2.80964,-2.80964,2.09185
660,2.00563,-2.8091,-2.8091,2.00563
661,1.92458,-2.80853,-2.80853,1.92458
662,1.84838,-2.80793,-2.80793,1.84838
663,1.77673,-2.80731,-2.80731,1.77673
664,1.70938,-2.80667,-2.80667,1.70938
665,1.64605,-2.806,-2.806,1.64605
666,1.5865,-2.80531,-2.80531,1.5865
667,1.53051,-2.8046,-2.8046,1.53051
668,1.47786,-2.80387,-2.80387,1.47786
669,1.42835,-2.80313,-2.80313,1.42835
670,1.38179,-2.80236,-2.80236,1.38179
671,1.338,-2.80158,-2.80158,1.338
672,1.29683,-2.8008,-2.8008,1.29683
673,1.2581,-2.8,-2.8,1.2581
674,1.22167,-2.79919,-2.79919,1.22167
675,1.18742,-2.79838,-2.79838,1.18742
676,1.1552,-2.79757,-2.79757,1.1552
677,1.12489,-2.79675,-2.79675,1.12489
678,1.09638,-2.79594,-2.79594,1.09638
679,1.06956,-2.79513,-2.79513,1.06956
680,1.04434,-2.79432,-2.79432,1.04434
681,1.02061,-2.79352,-2.79352,1.02061
682,0.998283,-2.79273,-2.79273,0.998283
683,0.973847,-2.79194,-2.79194,0.973847
684,0.905315,-2.79109,-2.79109,0.905315
685,0.751179,-2.78914,-2.78914,0.751179
686,0.430895,-2.78428,-2.78428,0.430895
687,-0.213781,-2.76913,-2.76913,-0.213781
688,-1.50939,-2.69838,-2.69838,-1.50939
689,-3.1716,-2.36163,-2.36163,-3.1716
690,-3.11744,-2.21886,-2.21886,-3.11744
691,-2.98595,-2.22536,-2.22536,-2.98595
692,-2.84998,-2.22761,-2.22761,-2.84998
693,-2.72214,-2.2309,-2.2309,-2.72214
694,-2.60156,-2.23485,-2.23485,-2.60156
695,-2.48778,-2.23955,-2.23955,-2.48778
696,-2.38035,-2.24504,-2.24504,-2.38035
697,-2.27886,-2.25137,-2.25137,-2.27886
698,-2.18292,-2.25855,-2.25855,-2.18292
699,-2.09219,-2.26658,-2.26658,-2.09219
700,-2.00636,-2.27544,-2.27544,-2.00636
701,-1.92515,-2.28508,-2.28508,-1.92515
702,-1.84832,-2.29545,-2.29545,-1.84832
703,-1.77564,-2.30645,-2.30645,-1.77564
704,-1.70692,-2.31798,-2.31798,-1.70692
705,-1.64198,-2.32993,-2.32993,-1.64198
706,-1.58066,-2.34219,-2.34219,-1.58066
707,-1.52282,-2.35461,-2.35461,-1.52282
708,-1.46831,-2.36708,-2.36708,-1.46831
709,-1.41701,-2.37948,-2.37948,-1.41701
710,-1.36879,-2.3917,-2.3917,-1.36879
711,-1.32353,-2.40365,-2.40365,-1.32353
712,-1.28108,-2.41523,-2.41523,-1.28108
713,-1.24134,-2.42639,-2.42639,-1.24134
714,-1.20416,-2.43707,-2.43707,-1.20416
715,-1.16941,-2.44725,-2.44725,-1.16941
716,-1.14853,-2.45688,-2.45688,-1.14853
717,-1.13873,-2.46258,-2.46258,-1.13873
718,-1.13101,-2.46516,-2.46516,-1.13101
719,-1.12399,-2.46722,-2.46722,-1.12399
720,-1.11729,-2.4691,-2.4691,-1.11729
721,-1.11083,-2.47089,-2.47089,-1.11083
722,-1.10459,-2.47261,-2.47261,-1.10459
723,-1.09857,-2.47427,-2.47427,-1.09857
724,-1.09275,-2.47587,-2.47587,-1.09275
725,-1.08712,-2.47741,-2.47741,-1.08712
726,-1.08168,-2.4789,-2.4789,-1.08168
727,-1.07643,-2.48033,-2.48033,-1.07643
728,-1.07136,-2.48172,-2.48172,-1.07136
729,-1.06646,-2.48305,-2.48305,-1.06646
730,-1.06172,-2.48433,-2.48433,-1.06172
731,-1.05715,-2.48556,-2.48556,-1.05715
732,-1.05273,-2.48674,-2.48674,-1.05273
733,-1.04847,-2.48788,-2.48788,-1.04847
734,-1.04435,-2.48898,-2.48898,-1.04435
735,-1.04037,-2.49003,-2.49003,-1.04037
736,-1.03653,-2.49105,-2.49105,-1.03653
737,-1.03283,-2.49202,-2.49202,-1.03283
738,-1.02925,-2.49295,-2.49295,-1.02925
739,-1.0258,-2.49385,-2.49385,-1.0258
740,-1.02247,-2.49471,-2.49471,-1.02247
741,-1.01925,-2.49553,-2.49553,-1.01925
742,-1.01615,-2.49632,-2.49632,-1.01615
743,-1.01315,-2.49707,-2.49707,-1.01315
744,-1.01027,-2.4978,-2.4978,-1.01027
745,-1.00748,-2.49849,-2.49849,-1.00748
746,-1.0048,-2.49915,-2.49915,-1.0048
747,-1.0022,-2.49979,-2.49979,-1.0022
748,-0.999706,-2.50039,-2.50039,-0.999706
749,-0.99671,-2.50097,-2.50097,-0.99671
750,-0.988315,-2.5017,-2.5017,-0.988315
751,-0.968437,-2.50404,-2.50404,-0.968437
752,-0.924038,-2.50978,-2.50978,-0.924038
753,-0.827264,-2.52275,-2.52275,-0.827264
754,-0.618776,-2.5508,-2.5508,-0.618776
755,-0.17371,-2.60773,-2.60773,-0.17371
756,0.759374,-2.70059,-2.70059,0.759374
757,2.65224,-2.7776,-2.7776,2.65224
758,3.10816,-2.7928,-2.7928,3.10816
759,3.06816,-2.79247,-2.79247,3.06816
760,3.02872,-2.79213,-2.79213,3.02872
761,2.9218,-2.79179,-2.79179,2.9218
762,2.78406,-2.79143,-2.79143,2.78406
763,2.65459,-2.79103,-2.79103,2.65459
764,2.53292,-2.79062,-2.79062,2.53292
765,2.41855,-2.79018,-2.79018,2.41855
766,2.31106,-2.78973,-2.78973,2.31106
767,2.21002,-2.78926,-2.78926,2.21002
768,2.11505,-2.78876,-2.78876,2.11505
769,2.02577,-2.78824,-2.78824,2.02577
770,1.94184,-2.78769,-2.78769,1.94184
771,1.86294,-2.78712,-2.78712,1.86294
772,1.78876,-2.78652,-2.78652,1.78876
773,1.71902,-2.7859,-2.7859,1.71902
774,1.65346,-2.78525,-2.78525,1.65346
775,1.59181,-2.78457,-2.78457,1.59181
776,1.53384,-2.78387,-2.78387,1.53384
777,1.47933,-2.78315,-2.78315,1.47933
778,1.42807,-2.78241,-2.78241,1.42807
779,1.37987,-2.78166,-2.78166,1.37987
780,1.33455,-2.78088,-2.78088,1.33455
781,1.29192,-2.7801,-2.7801,1.29192
782,1.25183,-2.7793,-2.7793,1.25183
783,1.21413,-2.77849,-2.77849,1.21413
784,1.17867,-2.77768,-2.77768,1.17867
785,1.14532,-2.77686,-2.77686,1.14532
786,1.11395,-2.77604,-2.77604,1.11395
787,1.08444,-2.77522,-2.77522,1.08444
788,1.05669,-2.7744,-2.7744,1.05669
789,1.03058,-2.77359,-2.77359,1.03058
790,1.00603,-2.77278,-2.77278,1.00603
791,0.982928,-2.77198,-2.77198,0.982928
792,0.927052,-2.77118,-2.77118,0.927052
793,0.795839,-2.76959,-2.76959,0.795839
794,0.518429,-2.76567,-2.76567,0.518429
795,-0.0438296,-2.75404,-2.75404,-0.0438296
796,-1.17239,-2.70418,-2.70418,-1.17239
797,-3.1569,-2.43081,-2.43081,-3.1569
798,-3.14472,-2.19645,-2.19645,-3.14472
799,-3.01996,-2.20557,-2.20557,-3.01996
800,-2.88345,-2.20744,-2.20744,-2.88345
801,-2.75536,-2.21057,-2.21057,-2.75536
802,-2.63453,-2.21429,-2.21429,-2.63453
803,-2.52055,-2.21873,-2.21873,-2.52055
804,-2.41295,-2.22393,-2.22393,-2.41295
805,-2.31131,-2.22992,-2.22992,-2.31131
806,-2.21527,-2.23672,-2.23672,-2.21527
807,-2.12446,-2.24434,-2.24434,-2.12446
808,-2.03858,-2.25276,-2.25276,-2.03858
809,-1.95733,-2.26194,-2.26194,-1.95733
810,-1.88048,-2.27183,-2.27183,-1.88048
811,-1.80778,-2.28234,-2.28234,-1.80778
812,-1.73904,-2.29339,-2.29339,-1.73904
813,-1.67408,-2.30487,-2.30487,-1.67408
814,-1.61274,-2.31666,-2.31666,-1.61274
815,-1.55485,-2.32866,-2.32866,-1.55485
816,-1.50029,-2.34074,-2.34074,-1.50029
817,-1.44892,-2.35279,-2.35279,-1.44892
818,-1.40061,-2.3647,-2.3647,-1.40061
819,-1.35524,-2.37638,-2.37638,-1.35524
820,-1.31267,-2.38774,-2.38774,-1.31267
821,-1.27278,-2.39872,-2.39872,-1.27278
822,-1.24646,-2.40927,-2.40927,-1.24646
823,-1.23484,-2.41622,-2.41622,-1.23484
824,-1.22578,-2.4192,-2.4192,-1.22578
825,-1.21756,-2.42158,-2.42158,-1.21756
826,-1.20972,-2.42376,-2.42376,-1.20972
827,-1.20216,-2.42583,-2.42583,-1.20216
828,-1.19486,-2.42784,-2.42784,-1.19486
829,-1.18779,-2.42978,-2.42978,-1.18779
830,-1.18096,-2.43165,-2.43165,-1.18096
831,-1.17436,-2.43347,-2.43347,-1.17436
832,-1.16797,-2.43355,-2.43355,-1.16797
833,-1.16189,-2.43334,-2.43334,-1.16189
834,-1.15605,-2.43309,-2.43309,-1.15605
835,-1.15041,-2.4328,-2.4328,-1.15041
836,-1.14495,-2.43249,-2.43249,-1.14495
837,-1.13968,-2.43215,-2.43215,-1.13968
838,-1.13459,-2.43179,-2.43179,-1.13459
839,-1.12966,-2.43141,-2.43141,-1.12966
840,-1.12491,-2.431,-2.431,-1.12491
841,-1.12031,-2.43057,-2.43057,-1.12031
842,-1.11587,-2.43012,-2.43012,-1.11587
843,-1.11158,-2.42965,-2.42965,-1.11158
844,-1.10744,-2.42915,-2.42915,-1.10744
845,-1.10343,-2.42863,-2.42863,-1.10343
846,-1.09957,-2.42809,-2.42809,-1.09957
847,-1.09584,-2.42752,-2.42752,-1.09584
848,-1.09223,-2.42694,-2.42694,-1.09223
849,-1.08875,-2.42633,-2.42633,-1.08875
850,-1.08539,-2.4257,-2.4257,-1.08539
851,-1.08215,-2.42505,-2.42505,-1.08215
852,-1.07902,-2.42437,-2.42437,-1.07902
853,-1.076,-2.42368,-2.42368,-1.076
854,-1.07309,-2.42297,-2.42297,-1.07309
855,-1.07028,-2.42223,-2.42223,-1.07028
856,-1.06757,-2.42147,-2.42147,-1.06757
857,-1.06495,-2.4207,-2.4207,-1.06495
858,-1.06243,-2.4199,-2.4199,-1.06243
859,-1.06,-2.41908,-2.41908,-1.06
860,-1.05766,-2.41825,-2.41825,-1.05766
861,-1.0554,-2.41739,-2.41739,-1.0554
862,-1.05322,-2.41651,-2.41651,-1.05322
863,-1.05112,-2.41561,-2.41561,-1.05112
864,-1.0491,-2.4147,-2.4147,-1.0491
865,-1.04716,-2.41376,-2.41376,-1.04716
866,-1.04528,-2.4128,-2.4128,-1.04528
867,-1.04348,-2.41183,-2.41183,-1.04348
868,-1.04174,-2.41083,-2.41083,-1.04174
869,-1.04007,-2.40982,-2.40982,-1.04007
870,-1.03846,-2.40879,-2.40879,-1.03846
871,-1.03692,-2.40773,-2.40773,-1.03692
872,-1.03543,-2.40666,-2.40666,-1.03543
873,-1.034,-2.40557,-2.40557,-1.034
874,-1.03263,-2.40446,-2.40446,-1.03263
875,-1.03131,-2.40333,-2.40333,-1.03131
876,-1.03004,-2.40218,-2.40218,-1.03004
877,-1.02882,-2.40102,-2.40102,-1.02882
878,-1.02766,-2.39983,-2.39983,-1.02766
879,-1.02654,-2.39863,-2.39863,-1.02654
880,-1.02546,-2.39741,-2.39741,-1.02546
881,-1.02443,-2.39617,-2.39617,-1.02443
882,-1.02345,-2.39491,-2.39491,-1.02345
883,-1.0225,-2.39363,-2.39363,-1.0225
884,-1.0216,-2.39233,-2.39233,-1.0216
885,-1.02073,-2.39101,-2.39101,-1.02073
886,-1.01991,-2.38968,-2.38968,-1.01991
887,-1.01912,-2.38832,-2.38832,-1.01912
888,-1.01837,-2.38695,-2.38695,-1.01837
889,-1.01765,-2.38556,-2.38556,-1.01765
890,-1.01696,-2.38415,-2.38415,-1.01696
891,-1.01631,-2.38272,-2.38272,-1.01631
892,-1.01569,-2.38127,-2.38127,-1.01569
893,-1.0151,-2.3798,-2.3798,-1.0151
894,-1.01454,-2.37832,-2.37832,-1.01454
895,-1.014,-2.37681,-2.37681,-1.014
896,-1.0135,-2.37529,-2.37529,-1.0135
897,-1.01302,-2.37375,-2.37375,-1.01302
898,-1.01257,-2.37218,-2.37218,-1.01257
899,-1.01214,-2.3706,-2.3706,-1.01214
900,-1.01174,-2.369,-2.369,-1.01174
901,-1.01137,-2.36738,-2.36738,-1.01137
902,-1.01101,-2.36574,-2.36574,-1.01101
903,-1.01068,-2.36408,-2.36408,-1.01068
904,-1.01037,-2.3624,-2.3624,-1.01037
905,-1.01008,-2.36071,-2.36071,-1.01008
906,-1.00981,-2.35899,-2.35899,-1.00981
907,-1.00956,-2.35725,-2.35725,-1.00956
908,-1.00933,-2.35549,-2.35549,-1.00933
909,-1.00912,-2.35372,-2.35372,-1.00912
910,-1.00893,-2.35192,-2.35192,-1.00893
911,-1.00876,-2.3501,-2.3501,-1.00876
912,-1.0086,-2.34826,-2.34826,-1.0086
913,-1.00846,-2.34641,-2.34641,-1.00846
914,-1.00833,-2.34453,-2.34453,-1.00833
915,-1.00822,-2.34263,-2.34263,-1.00822
916,-1.00813,-2.34071,-2.34071,-1.00813
917,-1.00805,-2.33877,-2.33877,-1.00805
918,-1.00799,-2.33681,-2.33681,-1.00799
919,-1.00794,-2.33483,-2.33483,-1.00794
920,-1.0079,-2.33283,-2.33283,-1.0079
921,-1.00788,-2.3308,-2.3308,-1.00788
922,-1.00787,-2.32876,-2.32876,-1.00787
923,-1.00787,-2.32669,-2.32669,-1.00787
924,-1.00789,-2.3246,-2.3246,-1.00789
925,-1.00791,-2.3225,-2.3225,-1.00791
926,-1.00795,-2.32037,-2.32037,-1.00795
927,-1.008,-2.31821,-2.31821,-1.008
928,-1.00806,-2.31604,-2.31604,-1.00806
929,-1.00813,-2.31384,-2.31384,-1.00813
930,-1.00822,-2.31162,-2.31162,-1.00822
931,-1.00831,-2.30938,-2.30938,-1.00831
932,-1.00841,-2.30712,-2.30712,-1.00841
933,-1.00852,-2.30483,-2.30483,-1.00852
934,-1.00864,-2.30253,-2.30253,-1.00864
935,-1.00877,-2.30019,-2.30019,-1.00877
936,-1.00892,-2.29784,-2.29784,-1.00892
937,-1.00906,-2.29546,-2.29546,-1.00906
938,-1.00922,-2.29306,-2.29306,-1.00922
939,-1.00939,-2.29064,-2.29064,-1.00939
940,-1.00956,-2.28819,-2.28819,-1.00956
941,-1.00975,-2.28572,-2.28572,-1.00975
942,-1.00994,-2.28323,-2.28323,-1.00994
943,-1.01014,-2.28071,-2.28071,-1.01014
944,-1.01034,-2.27816,-2.27816,-1.01034
945,-1.01056,-2.2756,-2.2756,-1.01056
946,-1.01078,-2.273,-2.273,-1.01078
947,-1.01101,-2.27039,-2.27039,-1.01101
948,-1.01124,-2.26775,-2.26775,-1.01124
949,-1.01149,-2.26508,-2.26508,-1.01149
950,-1.01174,-2.26239,-2.26239,-1.01174
951,-1.01199,-2.25967,-2.25967,-1.01199
952,-1.01226,-2.25693,-2.25693,-1.01226
953,-1.01253,-2.25417,-2.25417,-1.01253
954,-1.0128,-2.25137,-2.25137,-1.0128
955,-1.01309,-2.24855,-2.24855,-1.01309
956,-1.01338,-2.24571,-2.24571,-1.01338
957,-1.01367,-2.24284,-2.24284,-1.01367
958,-1.01397,-2.23994,-2.23994,-1.01397
959,-1.01428,-2.23702,-2.23702,-1.01428
960,-1.0146,-2.23407,-2.23407,-1.0146
961,-1.01492,-2.23109,-2.23109,-1.01492
962,-1.01524,-2.22809,-2.22809,-1.01524
963,-1.01558,-2.22505,-2.22505,-1.01558
964,-1.01591,-2.222,-2.222,-1.01591
965,-1.01626,-2.21891,-2.21891,-1.01626
966,-1.01661,-2.21579,-2.21579,-1.01661
967,-1.01696,-2.21265,-2.21265,-1.01696
968,-1.01732,-2.20948,-2.20948,-1.01732
969,-1.01769,-2.20628,-2.20628,-1.01769
970,-1.01806,-2.20306,-2.20306,-1.01806
971,-1.01844,-2.1998,-2.1998,-1.01844
972,-1.01882,-2.19652,-2.19652,-1.01882
973,-1.01921,-2.1932,-2.1932,-1.01921
974,-1.01961,-2.18986,-2.18986,-1.01961
975,-1.02001,-2.18649,-2.18649,-1.02001
976,-1.02042,-2.18309,-2.18309,-1.02042
977,-1.02083,-2.17965,-2.17965,-1.02083
978,-1.02125,-2.17619,-2.17619,-1.02125
979,-1.02167,-2.1727,-2.1727,-1.02167
980,-1.0221,-2.16918,-2.16918,-1.0221
981,-1.02253,-2.16563,-2.16563,-1.02253
982,-1.02327,-2.16204,-2.16204,-1.02327
983,-1.02468,-2.15834,-2.15834,-1.02468
984,-1.02624,-2.1544,-2.1544,-1.02624
985,-1.02787,-2.1504,-2.1504,-1.02787
986,-1.02955,-2.14633,-2.14633,-1.02955
987,-1.03129,-2.14222,-2.14222,-1.03129
988,-1.03307,-2.13804,-2.13804,-1.03307
989,-1.03491,-2.13381,-2.13381,-1.03491
990,-1.0368,-2.12953,-2.12953,-1.0368
991,-1.03874,-2.12519,-2.12519,-1.03874
992,-1.04074,-2.12079,-2.12079,-1.04074
993,-1.04279,-2.11633,-2.11633,-1.04279
994,-1.0449,-2.11181,-2.11181,-1.0449
995,-1.04707,-2.10724,-2.10724,-1.04707
996,-1.0493,-2.1026,-2.1026,-1.0493
997,-1.05159,-2.09789,-2.09789,-1.05159
998,-1.05394,-2.09313,-2.09313,-1.05394
999,-1.05635,-2.0883,-2.0883,-1.05635
1000,-1.05883,-2.0834,-2.0834,-1.05883
1001,-1.06138,-2.07844,-2.07844,-1.06138
1002,-1.06399,-2.07341,-2.07341,-1.06399
1003,-1.06668,-2.06831,-2.06831,-1.06668
1004,-1.06943,-2.06314,-2.06314,-1.06943
1005,-1.07226,-2.0579,-2.0579,-1.07226
1006,-1.07517,-2.05258,-2.05258,-1.07517
1007,-1.07815,-2.0472,-2.0472,-1.07815
1008,-1.08121,-2.04173,-2.04173,-1.08121
1009,-1.08435,-2.0362,-2.0362,-1.08435
1010,-1.08757,-2.03058,-2.03058,-1.08757
1011,-1.09088,-2.02488,-2.02488,-1.09088
1012,-1.09427,-2.01911,-2.01911,-1.09427
1013,-1.09775,-2.01325,-2.01325,-1.09775
1014,-1.10132,-2.00731,-2.00731,-1.10132
1015,-1.10498,-2.00129,-2.00129,-1.10498
1016,-1.10874,-1.99518,-1.99518,-1.10874
1017,-1.11259,-1.98898,-1.98898,-1.11259
1018,-1.11654,-1.9827,-1.9827,-1.11654
1019,-1.1206,-1.97632,-1.97632,-1.1206
1020,-1.12476,-1.96986,-1.96986,-1.12476
1021,-1.12902,-1.9633,-1.9633,-1.12902
1022,-1.13339,-1.95665,-1.95665,-1.13339
1023,-1.13788,-1.9499,-1.9499,-1.13788
1024,-1.14248,-1.94305,-1.94305,-1.14248
1025,-1.14719,-1.93611,-1.93611,-1.14719
1026,-1.15203,-1.92907,-1.92907,-1.15203
1027,-1.15698,-1.92192,-1.92192,-1.15698
1028,-1.16207,-1.91467,-1.91467,-1.16207
1029,-1.16728,-1.90732,-1.90732,-1.16728
1030,-1.17262,-1.89985,-1.89985,-1.17262
1031,-1.1781,-1.89228,-1.89228,-1.1781
1032,-1.18371,-1.88461,-1.88461,-1.18371
1033,-1.18947,-1.87682,-1.87682,-1.18947
1034,-1.19537,-1.86891,-1.86891,-1.19537
1035,-1.20142,-1.86089,-1.86089,-1.20142
1036,-1.20762,-1.85276,-1.85276,-1.20762
1037,-1.21397,-1.84451,-1.84451,-1.21397
1038,-1.22048,-1.83614,-1.83614,-1.22048
1039,-1.22716,-1.82765,-1.82765,-1.22716
1040,-1.234,-1.81903,-1.81903,-1.234
1041,-1.24101,-1.81029,-1.81029,-1.24101
1042,-1.24819,-1.80143,-1.80143,-1.24819
1043,-1.25555,-1.79244,-1.79244,-1.25555
1044,-1.2631,-1.78332,-1.78332,-1.2631
1045,-1.27083,-1.77407,-1.77407,-1.27083
1046,-1.27875,-1.76469,-1.76469,-1.27875
1047,-1.28686,-1.75517,-1.75517,-1.28686
1048,-1.29518,-1.74553,-1.74553,-1.29518
1049,-1.30369,-1.73574,-1.73574,-1.30369
1050,-1.31241,-1.72583,-1.72583,-1.31241
1051,-1.32135,-1.71577,-1.71577,-1.32135
1052,-1.3305,-1.70557,-1.70557,-1.3305
1053,-1.33988,-1.69524,-1.69524,-1.33988
1054,-1.34947,-1.68476,-1.68476,-1.34947
1055,-1.3593,-1.67415,-1.67415,-1.3593
1056,-1.36937,-1.66339,-1.66339,-1.36937
1057,-1.37967,-1.65249,-1.65249,-1.37967
1058,-1.39022,-1.64144,-1.64144,-1.39022
1059,-1.40101,-1.63025,-1.63025,-1.40101
1060,-1.41206,-1.61892,-1.61892,-1.41206
1061,-1.42337,-1.60744,-1.60744,-1.42337
1062,-1.43494,-1.59582,-1.59582,-1.43494
1063,-1.44677,-1.58406,-1.58406,-1.44677
1064,-1.45888,-1.57215,-1.57215,-1.45888
1065,-1.47127,-1.5601,-1.5601,-1.47127
1066,-1.48393,-1.5479,-1.5479,-1.48393
1067,-1.49688,-1.53557,-1.53557,-1.49688
1068,-1.51012,-1.52309,-1.52309,-1.51012
1069,-1.52364,-1.51047,-1.51047,-1.52364
1070,-1.53747,-1.49771,-1.49771,-1.53747
1071,-1.5516,-1.48482,-1.48482,-1.5516
1072,-1.56603,-1.47178,-1.47178,-1.56603
1073,-1.58077,-1.45862,-1.45862,-1.58077
1074,-1.59582,-1.44532,-1.44532,-1.59582
1075,-1.61118,-1.43189,-1.43189,-1.61118
1076,-1.62686,-1.41833,-1.41833,-1.62686
1077,-1.64286,-1.40464,-1.40464,-1.64286
1078,-1.65919,-1.39083,-1.39083,-1.65919
1079,-1.67584,-1.3769,-1.3769,-1.67584
1080,-1.69282,-1.36285,-1.36285,-1.69282
1081,-1.71012,-1.34868,-1.34868,-1.71012
1082,-1.72776,-1.3344,-1.3344,-1.72776
1083,-1.74573,-1.32001,-1.32001,-1.74573
1084,-1.76404,-1.30551,-1.30551,-1.76404
1085,-1.78268,-1.2909,-1.2909,-1.78268
1086,-1.80166,-1.27619,-1.27619,-1.80166
1087,-1.82098,-1.26138,-1.26138,-1.82098
1088,-1.84063,-1.24648,-1.24648,-1.84063
1089,-1.86063,-1.23148,-1.23148,-1.86063
1090,-1.88097,-1.2164,-1.2164,-1.88097
1091,-1.90164,-1.20122,-1.20122,-1.90164
1092,-1.92266,-1.18596,-1.18596,-1.92266
1093,-1.94402,-1.17062,-1.17062,-1.94402
1094,-1.96571,-1.1552,-1.1552,-1.96571
1095,-1.98775,-1.1397,-1.1397,-1.98775
1096,-2.01013,-1.12412,-1.12412,-2.01013
1097,-2.03284,-1.10848,-1.10848,-2.03284
1098,-2.0559,-1.09276,-1.09276,-2.0559
1099,-2.07929,-1.07698,-1.07698,-2.07929
1100,-2.10302,-1.06112,-1.06112,-2.10302
1101,-2.12709,-1.04521,-1.04521,-2.12709
1102,-2.1515,-1.02923,-1.02923,-2.1515
1103,-2.17624,-1.01318,-1.01318,-2.17624
1104,-2.20132,-0.997076,-0.997076,-2.20132
1105,-2.22673,-0.97506,-0.97506,-2.22673
1106,-2.25423,-0.915506,-0.915506,-2.25423
1107,-2.29338,-0.784992,-0.784992,-2.29338
1108,-2.35411,-0.5185,-0.5185,-2.35411
1109,-2.44933,0.0124436,0.0124436,-2.44933
1110,-2.57281,1.07642,1.07642,-2.57281
1111,-2.66451,3.10196,3.10196,-2.66451
1112,-2.7055,3.23364,3.23364,-2.7055
1113,-2.73678,3.36859,3.36859,-2.73678
1114,-2.76813,3.50433,3.50433,-2.76813
1115,-2.79972,3.64125,3.64125,-2.79972
1116,-2.83158,3.68388,3.68388,-2.83158
1117,-2.86369,3.63494,3.63494,-2.86369
1118,-2.89607,3.5874,3.5874,-2.89607
1119,-2.92872,3.54122,3.54122,-2.92872
1120,-2.96164,3.49635,3.49635,-2.96164
1121,-2.99484,3.45276,3.45276,-2.99484
1122,-3.02832,3.31557,3.31557,-3.02832
1123,-3.06207,3.16288,3.16288,-3.06207
1124,-3.09609,3.01935,3.01935,-3.09609
1125,-3.13039,2.88444,2.88444,-3.13039
1126,-3.16496,2.75763,2.75763,-3.16496
1127,-3.19982,2.63842,2.63842,-3.19982
1128,-3.23496,2.52638,2.52638,-3.23496
1129,-3.27038,2.42105,2.42105,-3.27038
1130,-3.30609,2.32204,2.32204,-3.30609
1131,-3.34208,2.22897,2.22897,-3.34208
1132,-3.37835,2.14148,2.14148,-3.37835
1133,-3.41491,2.05923,2.05923,-3.41491
1134,-3.45176,1.98192,1.98192,-3.45176
1135,-3.4889,1.90923,1.90923,-3.4889
1136,-3.52634,1.8409,1.8409,-3.52634
1137,-3.56407,1.77667,1.77667,-3.56407
1138,-3.60211,1.71627,1.71627,-3.60211
1139,-3.64045,1.65949,1.65949,-3.64045
1140,-3.67909,1.6061,1.6061,-3.67909
1141,-3.71805,1.55591,1.55591,-3.71805
1142,-3.75731,1.50871,1.50871,-3.75731
1143,-3.7969,1.46432,1.46432,-3.7969
1144,-3.83682,1.42259,1.42259,-3.83682
1145,-3.87706,1.38333,1.38333,-3.87706
1146,-3.91763,1.34642,1.34642,-3.91763
1147,-3.92351,1.3117,1.3117,-3.92351
1148,-3.92166,1.27892,1.27892,-3.92166
1149,-3.91981,1.24806,1.24806,-3.91981
1150,-3.91795,1.21904,1.21904,-3.91795
1151,-3.91609,1.19175,1.19175,-3.91609
1152,-3.91424,1.16606,1.16606,-3.91424
1153,-3.9124,1.1419,1.1419,-3.9124
1154,-3.91056,1.11917,1.11917,-3.91056
1155,-3.90873,1.09777,1.09777,-3.90873
1156,-3.9069,1.07763,1.07763,-3.9069
1157,-3.90509,1.05868,1.05868,-3.90509
1158,-3.90328,1.04083,1.04083,-3.90328
1159,-3.90149,1.02403,1.02403,-3.90149
1160,-3.89971,1.00821,1.00821,-3.89971
1161,-3.89793,0.993305,0.993305,-3.89793
1162,-3.89617,0.965876,0.965876,-3.89617
1163,-3.89412,0.898486,0.898486,-3.89412
1164,-3.89105,0.754639,0.754639,-3.89105
1165,-3.88535,0.465195,0.465195,-3.88535
1166,-3.87093,-0.0993047,-0.0993047,-3.87093
1167,-3.81487,-1.1704,-1.1704,-3.81487
1168,-3.54775,-2.76571,-2.76571,-3.54775
1169,-3.31346,-2.51427,-2.51427,-3.31346
1170,-3.32192,-2.39789,-2.39789,-3.32192
1171,-3.32772,-2.28456,-2.28456,-3.32772
1172,-3.33482,-2.17885,-2.17885,-3.33482
1173,-3.34294,-2.08012,-2.08012,-3.34294
1174,-3.35203,-1.98794,-1.98794,-3.35203
1175,-3.362,-1.90187,-1.90187,-3.362
1176,-3.37272,-1.8215,-1.8215,-3.37272
1177,-3.38406,-1.74642,-1.74642,-3.38406
1178,-3.39585,-1.67625,-1.67625,-3.39585
1179,-3.40796,-1.61061,-1.61061,-3.40796
1180,-3.42023,-1.54918,-1.54918,-3.42023
1181,-3.43254,-1.49162,-1.49162,-3.43254
1182,-3.44476,-1.43766,-1.43766,-3.44476
1183,-3.4568,-1.38702,-1.38702,-3.4568
1184,-3.46856,-1.33946,-1.33946,-3.46856
1185,-3.47997,-1.29475,-1.29475,-3.47997
1186,-3.49099,-1.25269,-1.25269,-3.49099
1187,-3.50156,-1.2131,-1.2131,-3.50156
1188,-3.51167,-1.17581,-1.17581,-3.51167
1189,-3.52128,-1.14067,-1.14067,-3.52128
1190,-3.5304,-1.10753,-1.10753,-3.5304
1191,-3.53901,-1.07627,-1.07627,-3.53901
1192,-3.54713,-1.04678,-1.04678,-3.54713
1193,-3.55476,-1.01894,-1.01894,-3.55476
1194,-3.56191,-0.992654,-0.992654,-3.56191
1195,-3.56859,-0.953139,-0.953139,-3.56859
1196,-3.57923,-0.853465,-0.853465,-3.57923
1197,-3.60764,-0.646912,-0.646912,-3.60764
1198,-3.66456,-0.24957,-0.24957,-3.66456
1199,-3.75234,0.497696,0.497696,-3.75234
1200,-3.83203,1.91868,1.91868,-3.83203
1201,-3.85766,2.81956,2.81956,-3.85766
1202,-3.85777,2.69346,2.69346,-3.85777
1203,-3.85629,2.5756,2.5756,-3.85629
1204,-3.85479,2.46482,2.46482,-3.85479
1205,-3.85328,2.36071,2.36071,-3.85328
1206,-3.85175,2.26287,2.26287,-3.85175
1207,-3.8502,2.17092,2.17092,-3.8502
1208,-3.84862,2.0845,2.0845,-3.84862
1209,-3.84703,2.00328,2.00328,-3.84703
1210,-3.84542,1.92694,1.92694,-3.84542
1211,-3.84379,1.85519,1.85519,-3.84379
1212,-3.84214,1.78776,1.78776,-3.84214
1213,-3.84047,1.72438,1.72438,-3.84047
1214,-3.83878,1.66481,1.66481,-3.83878
1215,-3.83707,1.60881,1.60881,-3.83707
1216,-3.83535,1.55618,1.55618,-3.83535
1217,-3.83361,1.5067,1.5067,-3.83361
1218,-3.83186,1.46019,1.46019,-3.83186
1219,-3.8301,1.41647,1.41647,-3.8301
1220,-3.82833,1.37536,1.37536,-3.82833
1221,-3.82655,1.33671,1.33671,-3.82655
1222,-3.82477,1.30037,1.30037,-3.82477
1223,-3.82298,1.26619,1.26619,-3.82298
1224,-3.82119,1.23406,1.23406,-3.82119
1225,-3.81941,1.20383,1.20383,-3.81941
1226,-3.81762,1.1754,1.1754,-3.81762
1227,-3.81584,1.14866,1.14866,-3.81584
1228,-3.81406,1.12351,1.12351,-3.81406
1229,-3.81229,1.09984,1.09984,-3.81229
1230,-3.81053,1.07757,1.07757,-3.81053
1231,-3.80877,1.05661,1.05661,-3.80877
1232,-3.80703,1.03689,1.03689,-3.80703
1233,-3.80529,1.01832,1.01832,-3.80529
1234,-3.80356,1.00085,1.00085,-3.80356
1235,-3.80185,0.984389,0.984389,-3.80185
1236,-3.80014,0.93767,0.93767,-3.80014
1237,-3.79773,0.831267,0.831267,-3.79773
1238,-3.79356,0.610921,0.610921,-3.79356
1239,-3.78421,0.174363,0.174363,-3.78421
1240,-3.75357,-0.666309,-0.666309,-3.75357
1241,-3.60103,-2.22063,-2.22063,-3.60103
1242,-3.25088,-2.60097,-2.60097,-3.25088
1243,-3.22362,-2.46515,-2.46515,-3.22362
1244,-3.2294,-2.35022,-2.35022,-3.2294
1245,-3.2358,-2.24208,-2.24208,-3.2358
1246,-3.24326,-2.14109,-2.14109,-3.24326
1247,-3.25168,-2.04677,-2.04677,-3.25168
1248,-3.261,-1.95868,-1.95868,-3.261
1249,-3.2711,-1.87642,-1.87642,-3.2711
1250,-3.28186,-1.79958,-1.79958,-3.28186
1251,-3.29315,-1.72777,-1.72777,-3.29315
1252,-3.30481,-1.66062,-1.66062,-3.30481
1253,-3.31672,-1.59779,-1.59779,-3.31672
1254,-3.32873,-1.53896,-1.53896,-3.32873
1255,-3.34072,-1.48382,-1.48382,-3.34072
1256,-3.3526,-1.4321,-1.4321,-3.3526
1257,-3.36426,-1.38356,-1.38356,-3.36426
1258,-3.37564,-1.33795,-1.33795,-3.37564
1259,-3.38666,-1.29507,-1.29507,-3.38666
1260,-3.39728,-1.25472,-1.25472,-3.39728
1261,-3.40747,-1.21674,-1.21674,-3.40747
1262,-3.41721,-1.18096,-1.18096,-3.41721
1263,-3.42647,-1.14724,-1.14724,-3.42647
1264,-3.43525,-1.11545,-1.11545,-3.43525
1265,-3.44355,-1.08546,-1.08546,-3.44355
1266,-3.45138,-1.05716,-1.05716,-3.45138
1267,-3.45873,-1.03045,-1.03045,-3.45873
1268,-3.46564,-1.00524,-1.00524,-3.46564
1269,-3.4721,-0.98143,-0.98143,-3.4721
1270,-3.47813,-0.921806,-0.921806,-3.47813
1271,-3.49486,-0.788379,-0.788379,-3.49486
1272,-3.53293,-0.523805,-0.523805,-3.53293
1273,-3.60231,-0.0235077,-0.0235077,-3.60231
1274,-3.69385,0.916924,0.916924,-3.69385
1275,-3.75469,2.7151,2.7151,-3.75469
1276,-3.76589,2.75109,2.75109,-3.76589
1277,-3.76464,2.62779,2.62779,-3.76464
1278,-3.76324,2.51191,2.51191,-3.76324
1279,-3.76182,2.403,2.403,-3.76182
1280,-3.76039,2.30065,2.30065,-3.76039
1281,-3.75893,2.20446,2.20446,-3.75893
1282,-3.75745,2.11407,2.11407,-3.75745
1283,-3.75596,2.02911,2.02911,-3.75596
1284,-3.75444,1.94927,1.94927,-3.75444
1285,-3.7529,1.87423,1.87423,-3.7529
1286,-3.75134,1.8037,1.8037,-3.75134
1287,-3.74975,1.73742,1.73742,-3.74975
1288,-3.74815,1.67512,1.67512,-3.74815
1289,-3.74652,1.61656,1.61656,-3.74652
1290,-3.74488,1.56153,1.56153,-3.74488
1291,-3.74322,1.50979,1.50979,-3.74322
1292,-3.74155,1.46117,1.46117,-3.74155
1293,-3.73986,1.41546,1.41546,-3.73986
1294,-3.73816,1.37248,1.37248,-3.73816
1295,-3.73645,1.33208,1.33208,-3.73645
1296,-3.73474,1.2941,1.2941,-3.73474
1297,-3.73302,1.25839,1.25839,-3.73302
1298,-3.7313,1.2248,1.2248,-3.7313
1299,-3.72957,1.19322,1.19322,-3.72957
1300,-3.72785,1.16352,1.16352,-3.72785
1301,-3.72613,1.13559,1.13559,-3.72613
1302,-3.72441,1.10932,1.10932,-3.72441
1303,-3.7227,1.0846,1.0846,-3.7227
1304,-3.72099,1.06134,1.06134,-3.72099
1305,-3.7193,1.03946,1.03946,-3.7193
1306,-3.71761,1.01887,1.01887,-3.71761
1307,-3.71593,0.999493,0.999493,-3.71593
1308,-3.71426,0.980239,0.980239,-3.71426
1309,-3.71258,0.924611,0.924611,-3.71258
1310,-3.71003,0.799244,0.799244,-3.71003
1311,-3.70529,0.540832,0.540832,-3.70529
1312,-3.69369,0.0304028,0.0304028,-3.69369
1313,-3.65095,-0.947874,-0.947874,-3.65095
1314,-3.43302,-2.7352,-2.7352,-3.43302
1315,-3.1336,-2.5598,-2.5598,-3.1336
1316,-3.13812,-2.44441,-2.44441,-3.13812
1317,-3.14349,-2.33185,-2.33185,-3.14349
1318,-3.15009,-2.22677,-2.22677,-3.15009
1319,-3.15764,-2.12858,-2.12858,-3.15764
1320,-3.16611,-2.03687,-2.03687,-3.16611
1321,-3.17542,-1.9512,-1.9512,-3.17542
1322,-3.18546,-1.87118,-1.87118,-3.18546
1323,-3.1961,-1.79642,-1.79642,-3.1961
1324,-3.20722,-1.72653,-1.72653,-3.20722
1325,-3.21868,-1.66116,-1.66116,-3.21868
1326,-3.23035,-1.59998,-1.59998,-3.23035
1327,-3.24209,-1.54269,-1.54269,-3.24209
1328,-3.25381,-1.48898,-1.48898,-3.25381
1329,-3.2654,-1.4386,-1.4386,-3.2654
1330,-3.27677,-1.3913,-1.3913,-3.27677
1331,-3.28785,-1.34686,-1.34686,-3.28785
1332,-3.29859,-1.30508,-1.30508,-3.29859
1333,-3.30895,-1.26577,-1.26577,-3.30895
1334,-3.31888,-1.22877,-1.22877,-3.31888
1335,-3.32838,-1.19391,-1.19391,-3.32838
1336,-3.33742,-1.16106,-1.16106,-3.33742
1337,-3.34599,-1.13009,-1.13009,-3.34599
1338,-3.35411,-1.10088,-1.10088,-3.35411
1339,-3.36177,-1.07332,-1.07332,-3.36177
1340,-3.36898,-1.04731,-1.04731,-3.36898
1341,-3.37575,-1.02276,-1.02276,-3.37575
1342,-3.3821,-0.999584,-0.999584,-3.3821
1343,-3.38804,-0.976866,-0.976866,-3.38804
1344,-3.39383,-0.910917,-0.910917,-3.39383
1345,-3.41253,-0.768128,-0.768128,-3.41253
1346,-3.45324,-0.488745,-0.488745,-3.45324
1347,-3.52528,0.036747,0.036747,-3.52528
1348,-3.61614,1.02388,1.02388,-3.61614
1349,-3.672,2.86434,2.86434,-3.672
1350,-3.68098,2.72775,2.72775,-3.68098
1351,-3.6797,2.60406,2.60406,-3.6797
1352,-3.67838,2.48776,2.48776,-3.67838
1353,-3.67704,2.37846,2.37846,-3.67704
1354,-3.67568,2.27575,2.27575,-3.67568
1355,-3.6743,2.17922,2.17922,-3.6743
1356,-3.6729,2.08851,2.08851,-3.6729
1357,-3.67148,2.00325,2.00325,-3.67148
1358,-3.67003,1.92313,1.92313,-3.67003
1359,-3.66856,1.84783,1.84783,-3.66856
1360,-3.66707,1.77707,1.77707,-3.66707
1361,-3.66555,1.71056,1.71056,-3.66555
1362,-3.66401,1.64805,1.64805,-3.66401
1363,-3.66245,1.5893,1.5893,-3.66245
1364,-3.66087,1.53408,1.53408,-3.66087
1365,-3.65927,1.48218,1.48218,-3.65927
1366,-3.65766,1.4334,1.4334,-3.65766
1367,-3.65603,1.38754,1.38754,-3.65603
1368,-3.65439,1.34443,1.34443,-3.65439
1369,-3.65274,1.30391,1.30391,-3.65274
1370,-3.65109,1.26581,1.26581,-3.65109
1371,-3.64942,1.22999,1.22999,-3.64942
1372,-3.64776,1.19631,1.19631,-3.64776
1373,-3.64609,1.16464,1.16464,-3.64609
1374,-3.64442,1.13485,1.13485,-3.64442
1375,-3.64275,1.10684,1.10684,-3.64275
1376,-3.64109,1.08049,1.08049,-3.64109
1377,-3.63944,1.05571,1.05571,-3.63944
1378,-3.63779,1.03239,1.03239,-3.63779
1379,-3.63615,1.01045,1.01045,-3.63615
1380,-3.63451,0.98981,0.98981,-3.63451
1381,-3.63289,0.950004,0.950004,-3.63289
1382,-3.63082,0.853167,0.853167,-3.63082
1383,-3.62715,0.64731,0.64731,-3.62715
1384,-3.6189,0.234291,0.234291,-3.6189
1385,-3.5923,-0.567082,-0.567082,-3.5923
1386,-3.46025,-2.0603,-2.0603,-3.46025
1387,-3.10061,-2.6441,-2.6441,-3.10061
1388,-3.05482,-2.50164,-2.50164,-3.05482
1389,-3.06036,-2.38852,-2.38852,-3.06036
1390,-3.06636,-2.28139,-2.28139,-3.06636
1391,-3.07338,-2.18132,-2.18132,-3.07338
1392,-3.0813,-2.08782,-2.08782,-3.0813
1393,-3.09007,-2.00046,-2.00046,-3.09007
1394,-3.09959,-1.91886,-1.91886,-3.09959
1395,-3.10975,-1.84261,-1.84261,-3.10975
1396,-3.12043,-1.77134,-1.77134,-3.12043
1397,-3.1315,-1.70469,-1.70469,-3.1315
1398,-3.14283,-1.64233,-1.64233,-3.14283
1399,-3.1543,-1.58394,-1.58394,-3.1543
1400,-3.1658,-1.52923,-1.52923,-3.1658
1401,-3.17721,-1.47793,-1.47793,-3.17721
1402,-3.18847,-1.42978,-1.42978,-3.18847
1403,-3.19948,-1.38457,-1.38457,-3.19948
1404,-3.21019,-1.34208,-1.34208,-3.21019
1405,-3.22055,-1.30212,-1.30212,-3.22055
1406,-3.23053,-1.26452,-1.26452,-3.23053
1407,-3.24009,-1.22912,-1.22912,-3.24009
1408,-3.24922,-1.19577,-1.19577,-3.24922
1409,-3.25791,-1.16433,-1.16433,-3.25791
1410,-3.26615,-1.1347,-1.1347,-3.26615
1411,-3.27395,-1.10675,-1.10675,-3.27395
1412,-3.28131,-1.08037,-1.08037,-3.28131
1413,-3.28825,-1.05549,-1.05549,-3.28825
1414,-3.29476,-1.03199,-1.03199,-3.29476
1415,-3.30087,-1.00982,-1.00982,-3.30087
1416,-3.30659,-0.988877,-0.988877,-3.30659
1417,-3.31194,-0.946856,-0.946856,-3.31194
1418,-3.32359,-0.848375,-0.848375,-3.32359
1419,-3.35189,-0.649636,-0.649636,-3.35189
1420,-3.40692,-0.271939,-0.271939,-3.40692
1421,-3.49172,0.433574,0.433574,-3.49172
1422,-3.57217,1.7686,1.7686,-3.57217
1423,-3.60128,2.79741,2.79741,-3.60128
1424,-3.60228,2.66688,2.66688,-3.60228
1425,-3.60105,2.54507,2.54507,-3.60105
1426,-3.5998,2.43058,2.43058,-3.5998
1427,-3.59853,2.32299,2.32299,-3.59853
1428,-3.59723,2.22188,2.22188,-3.59723
1429,-3.59592,2.12686,2.12686,-3.59592
1430,-3.59458,2.03757,2.03757,-3.59458
1431,-3.59321,1.95365,1.95365,-3.59321
1432,-3.59182,1.87478,1.87478,-3.59182
1433,-3.59041,1.80067,1.80067,-3.59041
1434,-3.58897,1.73102,1.73102,-3.58897
1435,-3.5875,1.66556,1.66556,-3.5875
1436,-3.58602,1.60403,1.60403,-3.58602
1437,-3.58451,1.54621,1.54621,-3.58451
1438,-3.58298,1.49187,1.49187,-3.58298
1439,-3.58143,1.44079,1.44079,-3.58143
1440,-3.57987,1.39278,1.39278,-3.57987
1441,-3.57829,1.34765,1.34765,-3.57829
1442,-3.57669,1.30523,1.30523,-3.57669
1443,-3.57509,1.26536,1.26536,-3.57509
1444,-3.57348,1.22786,1.22786,-3.57348
1445,-3.57187,1.19262,1.19262,-3.57187
1446,-3.57025,1.15947,1.15947,-3.57025
1447,-3.56863,1.12831,1.12831,-3.56863
1448,-3.56702,1.099,1.099,-3.56702
1449,-3.5654,1.07144,1.07144,-3.5654
1450,-3.56379,1.04552,1.04552,-3.56379
1451,-3.56218,1.02113,1.02113,-3.56218
1452,-3.56059,0.998193,0.998193,-3.56059
1453,-3.559,0.972997,0.972997,-3.559
1454,-3.55734,0.902481,0.902481,-3.55734
1455,-3.55455,0.745132,0.745132,-3.55455
1456,-3.54875,0.422307,0.422307,-3.54875
1457,-3.53241,-0.212937,-0.212937,-3.53241
1458,-3.46126,-1.42,-1.42,-3.46126
1459,-3.14383,-2.75969,-2.75969,-3.14383
1460,-2.97742,-2.55185,-2.55185,-2.97742
1461,-2.9836,-2.44048,-2.44048,-2.9836
1462,-2.98901,-2.3315,-2.3315,-2.98901
1463,-2.99556,-2.22977,-2.22977,-2.99556
1464,-3.003,-2.13469,-2.13469,-3.003
1465,-3.01128,-2.04585,-2.04585,-3.01128
1466,-3.02032,-1.96284,-1.96284,-3.02032
1467,-3.03004,-1.88527,-1.88527,-3.03004
1468,-3.0403,-1.81277,-1.81277,-3.0403
1469,-3.05099,-1.74497,-1.74497,-3.05099
1470,-3.062,-1.68155,-1.68155,-3.062
1471,-3.07318,-1.62218,-1.62218,-3.07318
1472,-3.08445,-1.56657,-1.56657,-3.08445
1473,-3.09568,-1.51443,-1.51443,-3.09568
1474,-3.10679,-1.46553,-1.46553,-3.10679
1475,-3.11771,-1.41962,-1.41962,-3.11771
1476,-3.12836,-1.37649,-1.37649,-3.12836
1477,-3.1387,-1.33594,-1.33594,-3.1387
1478,-3.14868,-1.29781,-1.29781,-3.14868
1479,-3.15828,-1.26191,-1.26191,-3.15828
1480,-3.16746,-1.22811,-1.22811,-3.16746
1481,-3.17623,-1.19626,-1.19626,-3.17623
1482,-3.18457,-1.16624,-1.16624,-3.18457
1483,-3.19248,-1.13794,-1.13794,-3.19248
1484,-3.19996,-1.11124,-1.11124,-3.19996
1485,-3.20702,-1.08606,-1.08606,-3.20702
1486,-3.21367,-1.06229,-1.06229,-3.21367
1487,-3.21992,-1.03985,-1.03985,-3.21992
1488,-3.22579,-1.01868,-1.01868,-3.22579
1489,-3.23129,-0.998679,-0.998679,-3.23129
1490,-3.23643,-0.977156,-0.977156,-3.23643
1491,-3.24202,-0.916784,-0.916784,-3.24202
1492,-3.25921,-0.787378,-0.787378,-3.25921
1493,-3.29635,-0.535315,-0.535315,-3.29635
1494,-3.36297,-0.0628831,-0.0628831,-3.36297
1495,-3.45237,0.820007,0.820007,-3.45237
1496,-3.51626,2.50117,2.50117,-3.51626
1497,-3.53026,2.73383,2.73383,-3.53026
1498,-3.52944,2.6063,2.6063,-3.52944
1499,-3.52827,2.48647,2.48647,-3.52827
1500,-3.52708,2.37387,2.37387,-3.52708
1501,-3.52586,2.26805,2.26805,-3.52586
1502,-3.52463,2.1686,2.1686,-3.52463
1503,-3.52337,2.07515,2.07515,-3.52337
1504,-3.52208,1.98733,1.98733,-3.52208
1505,-3.52077,1.90479,1.90479,-3.52077
1506,-3.51943,1.82723,1.82723,-3.51943
1507,-3.51806,1.75435,1.75435,-3.51806
1508,-3.51667,1.68585,1.68585,-3.51667
1509,-3.51525,1.62147,1.62147,-3.51525
1510,-3.51381,1.56098,1.56098,-3.51381
1511,-3.51234,1.50412,1.50412,-3.51234
1512,-3.51086,1.45068,1.45068,-3.51086
1513,-3.50935,1.40045,1.40045,-3.50935
1514,-3.50783,1.35325,1.35325,-3.50783
1515,-3.5063,1.30888,1.30888,-3.5063
1516,-3.50475,1.26717,1.26717,-3.50475
1517,-3.50319,1.22796,1.22796,-3.50319
1518,-3.50162,1.1911,1.1911,-3.50162
1519,-3.50005,1.15644,1.15644,-3.50005
1520,-3.49847,1.12386,1.12386,-3.49847
1521,-3.4969,1.09322,1.09322,-3.4969
1522,-3.49533,1.06441,1.06441,-3.49533
1523,-3.49375,1.03731,1.03731,-3.49375
1524,-3.49219,1.01183,1.01183,-3.49219
1525,-3.49063,0.987854,0.987854,-3.49063
1526,-3.48908,0.94101,0.94101,-3.48908
1527,-3.48698,0.827371,0.827371,-3.48698
1528,-3.48292,0.586106,0.586106,-3.48292
1529,-3.47287,0.102641,0.102641,-3.47287
1530,-3.43637,-0.832354,-0.832354,-3.43637
1531,-3.24461,-2.5554,-2.5554,-3.24461
1532,-2.91844,-2.60983,-2.60983,-2.91844
1533,-2.91221,-2.4939,-2.4939,-2.91221
1534,-2.91718,-2.38337,-2.38337,-2.91718
1535,-2.92325,-2.27979,-2.27979,-2.92325
1536,-2.93022,-2.18297,-2.18297,-2.93022
1537,-2.93802,-2.09248,-2.09248,-2.93802
1538,-2.94659,-2.00791,-2.00791,-2.94659
1539,-2.95586,-1.92888,-1.92888,-2.95586
1540,-2.9657,-1.85501,-1.85501,-2.9657
1541,-2.97602,-1.78594,-1.78594,-2.97602
1542,-2.98668,-1.72133,-1.72133,-2.98668
1543,-2.99758,-1.66087,-1.66087,-2.99758
1544,-3.0086,-1.60424,-1.60424,-3.0086
1545,-3.01964,-1.55117,-1.55117,-3.01964
1546,-3.03061,-1.50141,-1.50141,-3.03061
1547,-3.04142,-1.45471,-1.45471,-3.04142
1548,-3.05201,-1.41085,-1.41085,-3.05201
1549,-3.06231,-1.36964,-1.36964,-3.06231
1550,-3.0723,-1.33089,-1.33089,-3.0723
1551,-3.08192,-1.29443,-1.29443,-3.08192
1552,-3.09116,-1.26011,-1.26011,-3.09116
1553,-3.1,-1.22778,-1.22778,-3.1
1554,-3.10843,-1.19732,-1.19732,-3.10843
1555,-3.11644,-1.16861,-1.16861,-3.11644
1556,-3.12403,-1.14154,-1.14154,-3.12403
1557,-3.13122,-1.11601,-1.11601,-3.13122
1558,-3.13801,-1.09192,-1.09192,-3.13801
1559,-3.1444,-1.06918,-1.06918,-3.1444
1560,-3.15041,-1.04773,-1.04773,-3.15041
1561,-3.15605,-1.02747,-1.02747,-3.15605
1562,-3.16134,-1.00835,-1.00835,-3.16134
1563,-3.16629,-0.990294,-0.990294,-3.16629
1564,-3.17091,-0.953833,-0.953833,-3.17091
1565,-3.18105,-0.87589,-0.87589,-3.18105
1566,-3.20349,-0.728316,-0.728316,-3.20349
1567,-3.24532,-0.452597,-0.452597,-3.24532
1568,-3.31474,0.0629399,0.0629399,-3.31474
1569,-3.40072,1.04472,1.04472,-3.40072
1570,-3.45428,2.83476,2.83476,-3.45428
1571,-3.46314,2.69535,2.69535,-3.46314
1572,-3.46208,2.56868,2.56868,-3.46208
1573,-3.46097,2.44956,2.44956,-3.46097
1574,-3.45983,2.33761,2.33761,-3.45983
1575,-3.45867,2.23241,2.23241,-3.45867
1576,-3.45749,2.13355,2.13355,-3.45749
1577,-3.45628,2.04065,2.04065,-3.45628
1578,-3.45505,1.95335,1.95335,-3.45505
1579,-3.45379,1.87131,1.87131,-3.45379
1580,-3.4525,1.79421,1.79421,-3.4525
1581,-3.45118,1.72176,1.72176,-3.45118
1582,-3.44983,1.65368,1.65368,-3.44983
1583,-3.44846,1.58969,1.58969,-3.44846
1584,-3.44706,1.52956,1.52956,-3.44706
1585,-3.44564,1.47305,1.47305,-3.44564
1586,-3.4442,1.41994,1.41994,-3.4442
1587,-3.44273,1.37002,1.37002,-3.44273
1588,-3.44125,1.32311,1.32311,-3.44125
1589,-3.43975,1.27901,1.27901,-3.43975
1590,-3.43824,1.23756,1.23756,-3.43824
1591,-3.43672,1.1986,1.1986,-3.43672
1592,-3.43519,1.16197,1.16197,-3.43519
1593,-3.43366,1.12754,1.12754,-3.43366
1594,-3.43213,1.09516,1.09516,-3.43213
1595,-3.43059,1.06472,1.06472,-3.43059
1596,-3.42905,1.03609,1.03609,-3.42905
1597,-3.42752,1.00917,1.00917,-3.42752
1598,-3.426,0.983848,0.983848,-3.426
1599,-3.42448,0.927728,0.927728,-3.42448
1600,-3.4222,0.794775,0.794775,-3.4222
1601,-3.41754,0.51514,0.51514,-3.41754
1602,-3.40503,-0.0423304,-0.0423304,-3.40503
1603,-3.35463,-1.11393,-1.11393,-3.35463
1604,-3.09644,-2.8394,-2.8394,-3.09644
1605,-2.8427,-2.58669,-2.58669,-2.8427
1606,-2.84853,-2.47929,-2.47929,-2.84853
1607,-2.85349,-2.37075,-2.37075,-2.85349
1608,-2.85967,-2.26948,-2.26948,-2.85967
1609,-2.86669,-2.17479,-2.17479,-2.86669
1610,-2.87451,-2.08628,-2.08628,-2.87451
1611,-2.88307,-2.00355,-2.00355,-2.88307
1612,-2.89227,-1.92623,-1.92623,-2.89227
1613,-2.90202,-1.85394,-1.85394,-2.90202
1614,-2.91221,-1.78633,-1.78633,-2.91221
1615,-2.92272,-1.72308,-1.72308,-2.92272
1616,-2.93344,-1.66387,-1.66387,-2.93344
1617,-2.94426,-1.60842,-1.60842,-2.94426
1618,-2.95509,-1.55644,-1.55644,-2.95509
1619,-2.96584,-1.5077,-1.5077,-2.96584
1620,-2.97643,-1.46195,-1.46195,-2.97643
1621,-2.9868,-1.41898,-1.41898,-2.9868
1622,-2.99689,-1.37861,-1.37861,-2.99689
1623,-3.00666,-1.34064,-1.34064,-3.00666
1624,-3.01609,-1.30493,-1.30493,-3.01609
1625,-3.02514,-1.2713,-1.2713,-3.02514
1626,-3.0338,-1.23964,-1.23964,-3.0338
1627,-3.04207,-1.20981,-1.20981,-3.04207
1628,-3.04993,-1.18169,-1.18169,-3.04993
1629,-3.05739,-1.15517,-1.15517,-3.05739
1630,-3.06445,-1.13017,-1.13017,-3.06445
1631,-3.07112,-1.10658,-1.10658,-3.07112
1632,-3.07741,-1.08432,-1.08432,-3.07741
1633,-3.08334,-1.06332,-1.06332,-3.08334
1634,-3.0889,-1.04349,-1.04349,-3.0889
1635,-3.09412,-1.03056,-1.03056,-3.09412
1636,-3.09728,-1.02759,-1.02759,-3.09728
1637,-3.09744,-1.0233,-1.0233,-3.09744
1638,-3.09796,-1.0194,-1.0194,-3.09796
1639,-3.09837,-1.01559,-1.01559,-3.09837
1640,-3.09876,-1.0119,-1.0119,-3.09876
1641,-3.09911,-1.00832,-1.00832,-3.09911
1642,-3.09942,-1.00486,-1.00486,-3.09942
1643,-3.0997,-1.00151,-1.00151,-3.0997
1644,-3.09994,-0.998262,-0.998262,-3.09994
1645,-3.10016,-0.991641,-0.991641,-3.10016
1646,-3.10138,-0.975915,-0.975915,-3.10138
1647,-3.10535,-0.943572,-0.943572,-3.10535
1648,-3.11431,-0.880847,-0.880847,-3.11431
1649,-3.13228,-0.762496,-0.762496,-3.13228
1650,-3.16601,-0.541902,-0.541902,-3.16601
1651,-3.2241,-0.131078,-0.131078,-3.2241
1652,-3.30538,0.64464,0.64464,-3.30538
1653,-3.3732,2.14896,2.14896,-3.3732
1654,-3.39311,2.82045,2.82045,-3.39311
1655,-3.39309,2.73643,2.73643,-3.39309
1656,-3.3921,2.60556,2.60556,-3.3921
1657,-3.39106,2.48259,2.48259,-3.39106
1658,-3.39,2.36702,2.36702,-3.39
1659,-3.38892,2.25843,2.25843,-3.38892
1660,-3.38781,2.15637,2.15637,-3.38781
1661,-3.38667,2.06048,2.06048,-3.38667
1662,-3.38551,1.97036,1.97036,-3.38551
1663,-3.38432,1.88567,1.88567,-3.38432
1664,-3.3831,1.80609,1.80609,-3.3831
1665,-3.38185,1.73131,1.73131,-3.38185
1666,-3.38057,1.66104,1.66104,-3.38057
1667,-3.37926,1.595,1.595,-3.37926
1668,-3.37792,1.53294,1.53294,-3.37792
1669,-3.37655,1.47462,1.47462,-3.37655
1670,-3.37517,1.41981,1.41981,-3.37517
1671,-3.37376,1.3683,1.3683,-3.37376
1672,-3.37233,1.31989,1.31989,-3.37233
1673,-3.37088,1.27439,1.27439,-3.37088
1674,-3.36942,1.23163,1.23163,-3.36942
1675,-3.36794,1.19143,1.19143,-3.36794
1676,-3.36646,1.15364,1.15364,-3.36646
1677,-3.36496,1.11812,1.11812,-3.36496
1678,-3.36347,1.08473,1.08473,-3.36347
1679,-3.36197,1.05333,1.05333,-3.36197
1680,-3.36047,1.0238,1.0238,-3.36047
1681,-3.35898,0.996043,0.996043,-3.35898
1682,-3.35749,0.96202,0.96202,-3.35749
1683,-3.35583,0.869831,0.869831,-3.35583
1684,-3.35262,0.666281,0.666281,-3.35262
1685,-3.34495,0.250862,0.250862,-3.34495
1686,-3.31925,-0.562271,-0.562271,-3.31925
1687,-3.1872,-2.08502,-2.08502,-3.1872
1688,-2.8235,-2.68184,-2.68184,-2.8235
1689,-2.77761,-2.54733,-2.54733,-2.77761
1690,-2.78228,-2.43802,-2.43802,-2.78228
1691,-2.78781,-2.33387,-2.33387,-2.78781
1692,-2.79427,-2.23652,-2.23652,-2.79427
1693,-2.80153,-2.1455,-2.1455,-2.80153
1694,-2.80954,-2.06041,-2.06041,-2.80954
1695,-2.81822,-1.98086,-1.98086,-2.81822
1696,-2.82749,-1.90649,-1.90649,-2.82749
1697,-2.83725,-1.83695,-1.83695,-2.83725
1698,-2.84738,-1.7719,-1.7719,-2.84738
1699,-2.85778,-1.71101,-1.71101,-2.85778
1700,-2.86834,-1.654,-1.654,-2.86834
1701,-2.87897,-1.60059,-1.60059,-2.87897
1702,-2.88957,-1.55051,-1.55051,-2.88957
1703,-2.90006,-1.50354,-1.50354,-2.90006
1704,-2.91038,-1.45944,-1.45944,-2.91038
1705,-2.92046,-1.41801,-1.41801,-2.92046
1706,-2.93027,-1.37908,-1.37908,-2.93027
1707,-2.93975,-1.34247,-1.34247,-2.93975
1708,-2.94889,-1.30802,-1.30802,-2.94889
1709,-2.95766,-1.27558,-1.27558,-2.95766
1710,-2.96605,-1.24504,-1.24504,-2.96605
1711,-2.97405,-1.21626,-1.21626,-2.97405
1712,-2.98167,-1.18914,-1.18914,-2.98167
1713,-2.98889,-1.16356,-1.16356,-2.98889
1714,-2.99574,-1.13944,-1.13944,-2.99574
1715,-3.00221,-1.11669,-1.11669,-3.00221
1716,-3.00831,-1.09945,-1.09945,-3.00831
1717,-3.0128,-1.09629,-1.09629,-3.0128
1718,-3.0131,-1.09123,-1.09123,-3.0131
1719,-3.01392,-1.08671,-1.08671,-3.01392
1720,-3.01459,-1.08226,-1.08226,-3.01459
1721,-3.01523,-1.07796,-1.07796,-3.01523
1722,-3.01583,-1.07379,-1.07379,-3.01583
1723,-3.0164,-1.06975,-1.06975,-3.0164
1724,-3.01692,-1.06584,-1.06584,-3.01692
1725,-3.01741,-1.06204,-1.06204,-3.01741
1726,-3.01786,-1.05837,-1.05837,-3.01786
1727,-3.01827,-1.05481,-1.05481,-3.01827
1728,-3.01865,-1.05136,-1.05136,-3.01865
1729,-3.019,-1.04802,-1.04802,-3.019
1730,-3.01932,-1.04479,-1.04479,-3.01932
1731,-3.0196,-1.04165,-1.04165,-3.0196
1732,-3.01986,-1.03862,-1.03862,-3.01986
1733,-3.02008,-1.03568,-1.03568,-3.02008
1734,-3.02028,-1.03283,-1.03283,-3.02028
1735,-3.02045,-1.03008,-1.03008,-3.02045
1736,-3.02059,-1.02741,-1.02741,-3.02059
1737,-3.0207,-1.02483,-1.02483,-3.0207
1738,-3.02079,-1.02233,-1.02233,-3.02079
1739,-3.02085,-1.01992,-1.01992,-3.02085
1740,-3.02089,-1.01758,-1.01758,-3.02089
1741,-3.02091,-1.01531,-1.01531,-3.02091
1742,-3.0209,-1.01312,-1.01312,-3.0209
1743,-3.02088,-1.01101,-1.01101,-3.02088
1744,-3.02083,-1.00896,-1.00896,-3.02083
1745,-3.02076,-1.00697,-1.00697,-3.02076
1746,-3.02067,-1.00506,-1.00506,-3.02067
1747,-3.02056,-1.00321,-1.00321,-3.02056
1748,-3.02043,-1.00142,-1.00142,-3.02043
1749,-3.02028,-0.999685,-0.999685,-3.02028
1750,-3.02012,-0.997382,-0.997382,-3.02012
1751,-3.02012,-0.991261,-0.991261,-3.02012
1752,-3.02128,-0.978185,-0.978185,-3.02128
1753,-3.02453,-0.952399,-0.952399,-3.02453
1754,-3.0316,-0.903367,-0.903367,-3.0316
1755,-3.04562,-0.811773,-0.811773,-3.04562
1756,-3.07197,-0.642056,-0.642056,-3.07197
1757,-3.11872,-0.327822,-0.327822,-3.11872
1758,-3.19129,0.259621,0.259621,-3.19129
1759,-3.27044,1.38443,1.38443,-3.27044
1760,-3.30981,2.82319,2.82319,-3.30981
1761,-3.31396,2.78321,2.78321,-3.31396
1762,-3.31311,2.74633,2.74633,-3.31311
1763,-3.31222,2.71047,2.71047,-3.31222
1764,-3.31134,2.58817,2.58817,-3.31134
1765,-3.31038,2.46444,2.46444,-3.31038
1766,-3.3094,2.34817,2.34817,-3.3094
1767,-3.30839,2.23891,2.23891,-3.30839
1768,-3.30735,2.13624,2.13624,-3.30735
1769,-3.30629,2.03976,2.03976,-3.30629
1770,-3.30519,1.9491,1.9491,-3.30519
1771,-3.30407,1.8639,1.8639,-3.30407
1772,-3.30291,1.78385,1.78385,-3.30291
1773,-3.30172,1.70862,1.70862,-3.30172
1774,-3.3005,1.63793,1.63793,-3.3005
1775,-3.29925,1.5715,1.5715,-3.29925
1776,-3.29797,1.50908,1.50908,-3.29797
1777,-3.29666,1.45042,1.45042,-3.29666
1778,-3.29533,1.39529,1.39529,-3.29533
1779,-3.29397,1.34349,1.34349,-3.29397
1780,-3.29259,1.2948,1.2948,-3.29259
1781,-3.29119,1.24904,1.24904,-3.29119
1782,-3.28978,1.20604,1.20604,-3.28978
1783,-3.28835,1.16561,1.16561,-3.28835
1784,-3.28691,1.12762,1.12762,-3.28691
1785,-3.28546,1.0919,1.0919,-3.28546
1786,-3.28401,1.05833,1.05833,-3.28401
1787,-3.28256,1.02676,1.02676,-3.28256
1788,-3.28111,0.99708,0.99708,-3.28111
1789,-3.27966,0.963331,0.963331,-3.27966
1790,-3.27808,0.869892,0.869892,-3.27808
1791,-3.27492,0.662152,0.662152,-3.27492
1792,-3.26715,0.236934,0.236934,-3.26715
1793,-3.24051,-0.596375,-0.596375,-3.24051
1794,-3.10108,-2.15604,-2.15604,-3.10108
1795,-2.73846,-2.6844,-2.6844,-2.73846
1796,-2.69928,-2.55643,-2.55643,-2.69928
1797,-2.70368,-2.44817,-2.44817,-2.70368
1798,-2.70913,-2.34509,-2.34509,-2.70913
1799,-2.71549,-2.24871,-2.24871,-2.71549
1800,-2.72261,-2.15858,-2.15858,-2.72261
1801,-2.73045,-2.0743,-2.0743,-2.73045
1802,-2.73895,-1.99551,-1.99551,-2.73895
1803,-2.74802,-1.92182,-1.92182,-2.74802
1804,-2.75755,-1.85291,-1.85291,-2.75755
1805,-2.76746,-1.78844,-1.78844,-2.76746
1806,-2.77763,-1.72809,-1.72809,-2.77763
1807,-2.78796,-1.67159,-1.67159,-2.78796
1808,-2.79836,-1.61864,-1.61864,-2.79836
1809,-2.80875,-1.569,-1.569,-2.80875
1810,-2.81904,-1.52244,-1.52244,-2.81904
1811,-2.82916,-1.47873,-1.47873,-2.82916
1812,-2.83907,-1.43768,-1.43768,-2.83907
1813,-2.84871,-1.3991,-1.3991,-2.84871
1814,-2.85805,-1.36283,-1.36283,-2.85805
1815,-2.86706,-1.3287,-1.3287,-2.86706
1816,-2.87571,-1.29658,-1.29658,-2.87571
1817,-2.88401,-1.26633,-1.26633,-2.88401
1818,-2.89193,-1.23783,-1.23783,-2.89193
1819,-2.89947,-1.21098,-1.21098,-2.89947
1820,-2.90664,-1.18566,-1.18566,-2.90664
1821,-2.91344,-1.17492,-1.17492,-2.91344
1822,-2.91605,-1.16995,-1.16995,-2.91605
1823,-2.91693,-1.16443,-1.16443,-2.91693
1824,-2.91796,-1.15922,-1.15922,-2.91796
1825,-2.91889,-1.15415,-1.15415,-2.91889
1826,-2.91979,-1.14923,-1.14923,-2.91979
1827,-2.92064,-1.14447,-1.14447,-2.92064
1828,-2.92145,-1.13985,-1.13985,-2.92145
1829,-2.92221,-1.13538,-1.13538,-2.92221
1830,-2.92294,-1.13104,-1.13104,-2.92294
1831,-2.92363,-1.12683,-1.12683,-2.92363
1832,-2.92427,-1.12275,-1.12275,-2.92427
1833,-2.92488,-1.1188,-1.1188,-2.92488
1834,-2.92546,-1.11497,-1.11497,-2.92546
1835,-2.92599,-1.11126,-1.11126,-2.92599
1836,-2.9265,-1.10767,-1.10767,-2.9265
1837,-2.92697,-1.10419,-1.10419,-2.92697
1838,-2.9274,-1.10081,-1.10081,-2.9274
1839,-2.92781,-1.09754,-1.09754,-2.92781
1840,-2.92818,-1.09437,-1.09437,-2.92818
1841,-2.92853,-1.0913,-1.0913,-2.92853
1842,-2.92884,-1.08833,-1.08833,-2.92884
1843,-2.92913,-1.08545,-1.08545,-2.92913
1844,-2.92939,-1.08266,-1.08266,-2.92939
1845,-2.92962,-1.07996,-1.07996,-2.92962
1846,-2.92983,-1.07734,-1.07734,-2.92983
1847,-2.93001,-1.07481,-1.07481,-2.93001
1848,-2.93016,-1.07236,-1.07236,-2.93016
1849,-2.93029,-1.06998,-1.06998,-2.93029
1850,-2.9304,-1.06769,-1.06769,-2.9304
1851,-2.93049,-1.06546,-1.06546,-2.93049
1852,-2.93055,-1.06331,-1.06331,-2.93055
1853,-2.9306,-1.06122,-1.06122,-2.9306
1854,-2.93062,-1.05921,-1.05921,-2.93062
1855,-2.93062,-1.05726,-1.05726,-2.93062
1856,-2.9306,-1.05537,-1.05537,-2.9306
1857,-2.93057,-1.05355,-1.05355,-2.93057
1858,-2.93051,-1.05178,-1.05178,-2.93051
1859,-2.93044,-1.05007,-1.05007,-2.93044
1860,-2.93035,-1.04842,-1.04842,-2.93035
1861,-2.93025,-1.04683,-1.04683,-2.93025
1862,-2.93013,-1.04528,-1.04528,-2.93013
1863,-2.92999,-1.04379,-1.04379,-2.92999
1864,-2.92983,-1.04235,-1.04235,-2.92983
1865,-2.92967,-1.04096,-1.04096,-2.92967
1866,-2.92948,-1.03962,-1.03962,-2.92948
1867,-2.92929,-1.03832,-1.03832,-2.92929
1868,-2.92908,-1.03706,-1.03706,-2.92908
1869,-2.92885,-1.03585,-1.03585,-2.92885
1870,-2.92862,-1.03468,-1.03468,-2.92862
1871,-2.92837,-1.03356,-1.03356,-2.92837
1872,-2.92811,-1.03247,-1.03247,-2.92811
1873,-2.92784,-1.03142,-1.03142,-2.92784
1874,-2.92756,-1.03041,-1.03041,-2.92756
1875,-2.92726,-1.02943,-1.02943,-2.92726
1876,-2.92696,-1.02849,-1.02849,-2.92696
1877,-2.92664,-1.02759,-1.02759,-2.92664
1878,-2.92632,-1.02671,-1.02671,-2.92632
1879,-2.92598,-1.02587,-1.02587,-2.92598
1880,-2.92564,-1.02506,-1.02506,-2.92564
1881,-2.92529,-1.02428,-1.02428,-2.92529
1882,-2.92493,-1.02353,-1.02353,-2.92493
1883,-2.92456,-1.02281,-1.02281,-2.92456
1884,-2.92418,-1.02212,-1.02212,-2.92418
1885,-2.92379,-1.02145,-1.02145,-2.92379
1886,-2.9234,-1.02081,-1.02081,-2.9234
1887,-2.923,-1.0202,-1.0202,-2.923
1888,-2.92259,-1.01961,-1.01961,-2.92259
1889,-2.92217,-1.01904,-1.01904,-2.92217
1890,-2.92175,-1.0185,-1.0185,-2.92175
1891,-2.92132,-1.01798,-1.01798,-2.92132
1892,-2.92088,-1.01749,-1.01749,-2.92088
1893,-2.92044,-1.01701,-1.01701,-2.92044
1894,-2.91999,-1.01655,-1.01655,-2.91999
1895,-2.91954,-1.01612,-1.01612,-2.91954
1896,-2.91908,-1.0157,-1.0157,-2.91908
1897,-2.91862,-1.01531,-1.01531,-2.91862
1898,-2.91815,-1.01493,-1.01493,-2.91815
1899,-2.91767,-1.01457,-1.01457,-2.91767
1900,-2.91719,-1.01422,-1.01422,-2.91719
1901,-2.91671,-1.0139,-1.0139,-2.91671
1902,-2.91622,-1.01359,-1.01359,-2.91622
1903,-2.91573,-1.01329,-1.01329,-2.91573
1904,-2.91523,-1.01302,-1.01302,-2.91523
1905,-2.91473,-1.01275,-1.01275,-2.91473
1906,-2.91422,-1.0125,-1.0125,-2.91422
1907,-2.91371,-1.01227,-1.01227,-2.91371
1908,-2.9132,-1.01205,-1.01205,-2.9132
1909,-2.91268,-1.01184,-1.01184,-2.91268
1910,-2.91216,-1.01164,-1.01164,-2.91216
1911,-2.91163,-1.01146,-1.01146,-2.91163
1912,-2.91111,-1.01129,-1.01129,-2.91111
1913,-2.91058,-1.01113,-1.01113,-2.91058
1914,-2.91004,-1.01098,-1.01098,-2.91004
1915,-2.90951,-1.01085,-1.01085,-2.90951
1916,-2.90897,-1.01072,-1.01072,-2.90897
1917,-2.90842,-1.01061,-1.01061,-2.90842
1918,-2.90788,-1.0105,-1.0105,-2.90788
1919,-2.90733,-1.01041,-1.01041,-2.90733
1920,-2.90678,-1.01032,-1.01032,-2.90678
1921,-2.90623,-1.01025,-1.01025,-2.90623
1922,-2.90568,-1.01018,-1.01018,-2.90568
1923,-2.90512,-1.01012,-1.01012,-2.90512
1924,-2.90456,-1.01007,-1.01007,-2.90456
1925,-2.904,-1.01003,-1.01003,-2.904
1926,-2.90344,-1.01,-1.01,-2.90344
1927,-2.90287,-1.00997,-1.00997,-2.90287
1928,-2.90231,-1.00995,-1.00995,-2.90231
1929,-2.90174,-1.00994,-1.00994,-2.90174
1930,-2.90117,-1.00994,-1.00994,-2.90117
1931,-2.9006,-1.00994,-1.00994,-2.9006
1932,-2.90003,-1.00995,-1.00995,-2.90003
1933,-2.89945,-1.00997,-1.00997,-2.89945
1934,-2.89888,-1.00999,-1.00999,-2.89888
1935,-2.8983,-1.01002,-1.01002,-2.8983
1936,-2.89772,-1.01005,-1.01005,-2.89772
1937,-2.89714,-1.01009,-1.01009,-2.89714
1938,-2.89656,-1.01014,-1.01014,-2.89656
1939,-2.89598,-1.01019,-1.01019,-2.89598
1940,-2.8954,-1.01025,-1.01025,-2.8954
1941,-2.89481,-1.01031,-1.01031,-2.89481
1942,-2.89423,-1.01038,-1.01038,-2.89423
1943,-2.89364,-1.01045,-1.01045,-2.89364
1944,-2.89306,-1.01052,-1.01052,-2.89306
1945,-2.89247,-1.0106,-1.0106,-2.89247
1946,-2.89188,-1.01069,-1.01069,-2.89188
1947,-2.89129,-1.01078,-1.01078,-2.89129
1948,-2.8907,-1.01087,-1.01087,-2.8907
1949,-2.89011,-1.01097,-1.01097,-2.89011
